Cohort Year,Division Number,Division Name,Type of Graduation Rate,Rate Type,Graduation Rate
2014,1,Accomack County,On-Time Graduation Rate,4 yr rate,    90.12%
2014,2,Albemarle County,On-Time Graduation Rate,4 yr rate,    94.91%
2014,101,Alexandria City,On-Time Graduation Rate,4 yr rate,    84.31%
2014,3,Alleghany County,On-Time Graduation Rate,4 yr rate,    87.16%
2014,4,Amelia County,On-Time Graduation Rate,4 yr rate,    93.89%
2014,5,Amherst County,On-Time Graduation Rate,4 yr rate,    88.71%
2014,6,Appomattox County,On-Time Graduation Rate,4 yr rate,    91.40%
2014,7,Arlington County,On-Time Graduation Rate,4 yr rate,    90.21%
2014,8,Augusta County,On-Time Graduation Rate,4 yr rate,    93.00%
2014,9,Bath County,On-Time Graduation Rate,4 yr rate,    87.27%
2014,10,Bedford County,On-Time Graduation Rate,4 yr rate,    87.31%
2014,11,Bland County,On-Time Graduation Rate,4 yr rate,    88.46%
2014,12,Botetourt County,On-Time Graduation Rate,4 yr rate,    93.95%
2014,102,Bristol City,On-Time Graduation Rate,4 yr rate,    86.67%
2014,13,Brunswick County,On-Time Graduation Rate,4 yr rate,    84.43%
2014,14,Buchanan County,On-Time Graduation Rate,4 yr rate,    88.08%
2014,15,Buckingham County,On-Time Graduation Rate,4 yr rate,    92.62%
2014,103,Buena Vista City,On-Time Graduation Rate,4 yr rate,    85.23%
2014,16,Campbell County,On-Time Graduation Rate,4 yr rate,    87.01%
2014,17,Caroline County,On-Time Graduation Rate,4 yr rate,    87.13%
2014,18,Carroll County,On-Time Graduation Rate,4 yr rate,    91.56%
2014,19,Charles City County,On-Time Graduation Rate,4 yr rate,    95.74%
2014,20,Charlotte County,On-Time Graduation Rate,4 yr rate,    92.07%
2014,104,Charlottesville City,On-Time Graduation Rate,4 yr rate,    88.50%
2014,136,Chesapeake City,On-Time Graduation Rate,4 yr rate,    92.93%
2014,21,Chesterfield County,On-Time Graduation Rate,4 yr rate,    91.46%
2014,22,Clarke County,On-Time Graduation Rate,4 yr rate,   100.00%
2014,202,Colonial Beach,On-Time Graduation Rate,4 yr rate,    89.66%
2014,106,Colonial Heights City,On-Time Graduation Rate,4 yr rate,    94.83%
2014,107,Covington City,On-Time Graduation Rate,4 yr rate,    79.73%
2014,23,Craig County,On-Time Graduation Rate,4 yr rate,    89.09%
2014,24,Culpeper County,On-Time Graduation Rate,4 yr rate,    91.97%
2014,25,Cumberland County,On-Time Graduation Rate,4 yr rate,    91.23%
2014,108,Danville City,On-Time Graduation Rate,4 yr rate,    75.74%
2014,26,Dickenson County,On-Time Graduation Rate,4 yr rate,    88.77%
2014,27,Dinwiddie County,On-Time Graduation Rate,4 yr rate,    81.30%
2014,28,Essex County,On-Time Graduation Rate,4 yr rate,    84.92%
2014,29,Fairfax County,On-Time Graduation Rate,4 yr rate,    92.65%
2014,109,Falls Church City,On-Time Graduation Rate,4 yr rate,    98.40%
2014,30,Fauquier County,On-Time Graduation Rate,4 yr rate,    95.13%
2014,31,Floyd County,On-Time Graduation Rate,4 yr rate,    91.62%
2014,32,Fluvanna County,On-Time Graduation Rate,4 yr rate,    91.88%
2014,135,Franklin City,On-Time Graduation Rate,4 yr rate,    84.44%
2014,33,Franklin County,On-Time Graduation Rate,4 yr rate,    86.89%
2014,34,Frederick County,On-Time Graduation Rate,4 yr rate,    90.28%
2014,110,Fredericksburg City,On-Time Graduation Rate,4 yr rate,    83.19%
2014,111,Galax City,On-Time Graduation Rate,4 yr rate,    86.17%
2014,35,Giles County,On-Time Graduation Rate,4 yr rate,    82.69%
2014,36,Gloucester County,On-Time Graduation Rate,4 yr rate,    92.62%
2014,37,Goochland County,On-Time Graduation Rate,4 yr rate,    96.17%
2014,38,Grayson County,On-Time Graduation Rate,4 yr rate,    83.97%
2014,39,Greene County,On-Time Graduation Rate,4 yr rate,    91.98%
2014,40,Greensville County,On-Time Graduation Rate,4 yr rate,    85.71%
2014,41,Halifax County,On-Time Graduation Rate,4 yr rate,    88.52%
2014,112,Hampton City,On-Time Graduation Rate,4 yr rate,    83.81%
2014,42,Hanover County,On-Time Graduation Rate,4 yr rate,    96.20%
2014,113,Harrisonburg City,On-Time Graduation Rate,4 yr rate,    86.70%
2014,43,Henrico County,On-Time Graduation Rate,4 yr rate,    88.99%
2014,44,Henry County,On-Time Graduation Rate,4 yr rate,    87.99%
2014,45,Highland County,On-Time Graduation Rate,4 yr rate,    89.47%
2014,114,Hopewell City,On-Time Graduation Rate,4 yr rate,    79.51%
2014,46,Isle of Wight County,On-Time Graduation Rate,4 yr rate,    92.57%
2014,48,King George County,On-Time Graduation Rate,4 yr rate,    92.70%
2014,50,King William County,On-Time Graduation Rate,4 yr rate,    92.62%
2014,49,King and Queen County,On-Time Graduation Rate,4 yr rate,    86.27%
2014,51,Lancaster County,On-Time Graduation Rate,4 yr rate,    92.31%
2014,52,Lee County,On-Time Graduation Rate,4 yr rate,    87.02%
2014,53,Loudoun County,On-Time Graduation Rate,4 yr rate,    95.20%
2014,54,Louisa County,On-Time Graduation Rate,4 yr rate,    91.02%
2014,55,Lunenburg County,On-Time Graduation Rate,4 yr rate,    88.18%
2014,115,Lynchburg City,On-Time Graduation Rate,4 yr rate,    81.16%
2014,56,Madison County,On-Time Graduation Rate,4 yr rate,    94.64%
2014,143,Manassas City,On-Time Graduation Rate,4 yr rate,    86.27%
2014,144,Manassas Park City,On-Time Graduation Rate,4 yr rate,    87.50%
2014,116,Martinsville City,On-Time Graduation Rate,4 yr rate,    86.67%
2014,57,Mathews County,On-Time Graduation Rate,4 yr rate,    91.26%
2014,58,Mecklenburg County,On-Time Graduation Rate,4 yr rate,    92.47%
2014,59,Middlesex County,On-Time Graduation Rate,4 yr rate,    92.96%
2014,60,Montgomery County,On-Time Graduation Rate,4 yr rate,    86.40%
2014,62,Nelson County,On-Time Graduation Rate,4 yr rate,    87.33%
2014,63,New Kent County,On-Time Graduation Rate,4 yr rate,    90.65%
2014,117,Newport News City,On-Time Graduation Rate,4 yr rate,    87.93%
2014,118,Norfolk City,On-Time Graduation Rate,4 yr rate,    78.95%
2014,65,Northampton County,On-Time Graduation Rate,4 yr rate,    82.57%
2014,66,Northumberland County,On-Time Graduation Rate,4 yr rate,    86.99%
2014,119,Norton City,On-Time Graduation Rate,4 yr rate,    84.62%
2014,67,Nottoway County,On-Time Graduation Rate,4 yr rate,    87.71%
2014,68,Orange County,On-Time Graduation Rate,4 yr rate,    90.70%
2014,69,Page County,On-Time Graduation Rate,4 yr rate,    96.70%
2014,70,Patrick County,On-Time Graduation Rate,4 yr rate,    91.00%
2014,120,Petersburg City,On-Time Graduation Rate,4 yr rate,    82.35%
2014,71,Pittsylvania County,On-Time Graduation Rate,4 yr rate,    90.57%
2014,142,Poquoson City,On-Time Graduation Rate,4 yr rate,    96.37%
2014,121,Portsmouth City,On-Time Graduation Rate,4 yr rate,    85.09%
2014,72,Powhatan County,On-Time Graduation Rate,4 yr rate,    87.92%
2014,73,Prince Edward County,On-Time Graduation Rate,4 yr rate,    83.24%
2014,74,Prince George County,On-Time Graduation Rate,4 yr rate,    87.74%
2014,75,Prince William County,On-Time Graduation Rate,4 yr rate,    90.52%
2014,77,Pulaski County,On-Time Graduation Rate,4 yr rate,    88.62%
2014,122,Radford City,On-Time Graduation Rate,4 yr rate,    92.23%
2014,78,Rappahannock County,On-Time Graduation Rate,4 yr rate,    98.39%
2014,123,Richmond City,On-Time Graduation Rate,4 yr rate,    80.49%
2014,79,Richmond County,On-Time Graduation Rate,4 yr rate,    87.63%
2014,124,Roanoke City,On-Time Graduation Rate,4 yr rate,    83.41%
2014,80,Roanoke County,On-Time Graduation Rate,4 yr rate,    95.36%
2014,81,Rockbridge County,On-Time Graduation Rate,4 yr rate,    80.15%
2014,82,Rockingham County,On-Time Graduation Rate,4 yr rate,    94.19%
2014,83,Russell County,On-Time Graduation Rate,4 yr rate,    92.57%
2014,139,Salem City,On-Time Graduation Rate,4 yr rate,    90.79%
2014,84,Scott County,On-Time Graduation Rate,4 yr rate,    94.74%
2014,85,Shenandoah County,On-Time Graduation Rate,4 yr rate,    95.38%
2014,86,Smyth County,On-Time Graduation Rate,4 yr rate,    91.35%
2014,87,Southampton County,On-Time Graduation Rate,4 yr rate,    85.51%
2014,88,Spotsylvania County,On-Time Graduation Rate,4 yr rate,    88.92%
2014,89,Stafford County,On-Time Graduation Rate,4 yr rate,    90.59%
2014,126,Staunton City,On-Time Graduation Rate,4 yr rate,    90.00%
2014,127,Suffolk City,On-Time Graduation Rate,4 yr rate,    86.43%
2014,90,Surry County,On-Time Graduation Rate,4 yr rate,    92.86%
2014,91,Sussex County,On-Time Graduation Rate,4 yr rate,    84.88%
2014,92,Tazewell County,On-Time Graduation Rate,4 yr rate,    84.06%
2014,128,Virginia Beach City,On-Time Graduation Rate,4 yr rate,    88.49%
2014,93,Warren County,On-Time Graduation Rate,4 yr rate,    93.47%
2014,94,Washington County,On-Time Graduation Rate,4 yr rate,    93.00%
2014,130,Waynesboro City,On-Time Graduation Rate,4 yr rate,    92.89%
2014,207,West Point,On-Time Graduation Rate,4 yr rate,    97.37%
2014,95,Westmoreland County,On-Time Graduation Rate,4 yr rate,    80.91%
2014,131,Williamsburg-James City County,On-Time Graduation Rate,4 yr rate,    90.53%
2014,132,Winchester City,On-Time Graduation Rate,4 yr rate,    90.51%
2014,96,Wise County,On-Time Graduation Rate,4 yr rate,    91.45%
2014,97,Wythe County,On-Time Graduation Rate,4 yr rate,    87.38%
2014,98,York County,On-Time Graduation Rate,4 yr rate,    94.46%
2015,1,Accomack County,On-Time Graduation Rate,4 yr rate,    89.88%
2015,2,Albemarle County,On-Time Graduation Rate,4 yr rate,    94.38%
2015,101,Alexandria City,On-Time Graduation Rate,4 yr rate,    79.95%
2015,3,Alleghany County,On-Time Graduation Rate,4 yr rate,    88.74%
2015,4,Amelia County,On-Time Graduation Rate,4 yr rate,    93.79%
2015,5,Amherst County,On-Time Graduation Rate,4 yr rate,    89.25%
2015,6,Appomattox County,On-Time Graduation Rate,4 yr rate,    94.02%
2015,7,Arlington County,On-Time Graduation Rate,4 yr rate,    92.92%
2015,8,Augusta County,On-Time Graduation Rate,4 yr rate,    91.60%
2015,9,Bath County,On-Time Graduation Rate,4 yr rate,    89.13%
2015,10,Bedford County,On-Time Graduation Rate,4 yr rate,    88.74%
2015,11,Bland County,On-Time Graduation Rate,4 yr rate,    91.36%
2015,12,Botetourt County,On-Time Graduation Rate,4 yr rate,    96.02%
2015,102,Bristol City,On-Time Graduation Rate,4 yr rate,    88.62%
2015,13,Brunswick County,On-Time Graduation Rate,4 yr rate,    83.75%
2015,14,Buchanan County,On-Time Graduation Rate,4 yr rate,    92.54%
2015,15,Buckingham County,On-Time Graduation Rate,4 yr rate,    90.91%
2015,103,Buena Vista City,On-Time Graduation Rate,4 yr rate,    84.21%
2015,16,Campbell County,On-Time Graduation Rate,4 yr rate,    90.06%
2015,17,Caroline County,On-Time Graduation Rate,4 yr rate,    86.64%
2015,18,Carroll County,On-Time Graduation Rate,4 yr rate,    89.00%
2015,19,Charles City County,On-Time Graduation Rate,4 yr rate,    98.25%
2015,20,Charlotte County,On-Time Graduation Rate,4 yr rate,    85.23%
2015,104,Charlottesville City,On-Time Graduation Rate,4 yr rate,    84.92%
2015,136,Chesapeake City,On-Time Graduation Rate,4 yr rate,    93.03%
2015,21,Chesterfield County,On-Time Graduation Rate,4 yr rate,    91.05%
2015,22,Clarke County,On-Time Graduation Rate,4 yr rate,    97.59%
2015,202,Colonial Beach,On-Time Graduation Rate,4 yr rate,    92.86%
2015,106,Colonial Heights City,On-Time Graduation Rate,4 yr rate,    89.72%
2015,107,Covington City,On-Time Graduation Rate,4 yr rate,    81.67%
2015,23,Craig County,On-Time Graduation Rate,4 yr rate,    91.07%
2015,24,Culpeper County,On-Time Graduation Rate,4 yr rate,    92.38%
2015,25,Cumberland County,On-Time Graduation Rate,4 yr rate,    90.99%
2015,108,Danville City,On-Time Graduation Rate,4 yr rate,    79.05%
2015,26,Dickenson County,On-Time Graduation Rate,4 yr rate,    82.93%
2015,27,Dinwiddie County,On-Time Graduation Rate,4 yr rate,    81.66%
2015,28,Essex County,On-Time Graduation Rate,4 yr rate,    92.37%
2015,29,Fairfax County,On-Time Graduation Rate,4 yr rate,    92.55%
2015,109,Falls Church City,On-Time Graduation Rate,4 yr rate,    98.81%
2015,30,Fauquier County,On-Time Graduation Rate,4 yr rate,    94.05%
2015,31,Floyd County,On-Time Graduation Rate,4 yr rate,    92.59%
2015,32,Fluvanna County,On-Time Graduation Rate,4 yr rate,    92.81%
2015,135,Franklin City,On-Time Graduation Rate,4 yr rate,    82.28%
2015,33,Franklin County,On-Time Graduation Rate,4 yr rate,    87.97%
2015,34,Frederick County,On-Time Graduation Rate,4 yr rate,    93.27%
2015,110,Fredericksburg City,On-Time Graduation Rate,4 yr rate,    82.76%
2015,111,Galax City,On-Time Graduation Rate,4 yr rate,    91.26%
2015,35,Giles County,On-Time Graduation Rate,4 yr rate,    88.73%
2015,36,Gloucester County,On-Time Graduation Rate,4 yr rate,    93.73%
2015,37,Goochland County,On-Time Graduation Rate,4 yr rate,    94.12%
2015,38,Grayson County,On-Time Graduation Rate,4 yr rate,    90.13%
2015,39,Greene County,On-Time Graduation Rate,4 yr rate,    95.26%
2015,40,Greensville County,On-Time Graduation Rate,4 yr rate,    91.72%
2015,41,Halifax County,On-Time Graduation Rate,4 yr rate,    88.50%
2015,112,Hampton City,On-Time Graduation Rate,4 yr rate,    87.98%
2015,42,Hanover County,On-Time Graduation Rate,4 yr rate,    95.20%
2015,113,Harrisonburg City,On-Time Graduation Rate,4 yr rate,    89.47%
2015,43,Henrico County,On-Time Graduation Rate,4 yr rate,    90.14%
2015,44,Henry County,On-Time Graduation Rate,4 yr rate,    88.46%
2015,45,Highland County,On-Time Graduation Rate,4 yr rate,    91.67%
2015,114,Hopewell City,On-Time Graduation Rate,4 yr rate,    81.91%
2015,46,Isle of Wight County,On-Time Graduation Rate,4 yr rate,    92.01%
2015,48,King George County,On-Time Graduation Rate,4 yr rate,    95.58%
2015,50,King William County,On-Time Graduation Rate,4 yr rate,    90.74%
2015,49,King and Queen County,On-Time Graduation Rate,4 yr rate,    89.13%
2015,51,Lancaster County,On-Time Graduation Rate,4 yr rate,    90.24%
2015,52,Lee County,On-Time Graduation Rate,4 yr rate,    81.51%
2015,53,Loudoun County,On-Time Graduation Rate,4 yr rate,    95.97%
2015,54,Louisa County,On-Time Graduation Rate,4 yr rate,    90.38%
2015,55,Lunenburg County,On-Time Graduation Rate,4 yr rate,    88.57%
2015,115,Lynchburg City,On-Time Graduation Rate,4 yr rate,    82.30%
2015,56,Madison County,On-Time Graduation Rate,4 yr rate,    95.21%
2015,143,Manassas City,On-Time Graduation Rate,4 yr rate,    86.24%
2015,144,Manassas Park City,On-Time Graduation Rate,4 yr rate,    87.92%
2015,116,Martinsville City,On-Time Graduation Rate,4 yr rate,    80.89%
2015,57,Mathews County,On-Time Graduation Rate,4 yr rate,    92.98%
2015,58,Mecklenburg County,On-Time Graduation Rate,4 yr rate,    93.66%
2015,59,Middlesex County,On-Time Graduation Rate,4 yr rate,    94.74%
2015,60,Montgomery County,On-Time Graduation Rate,4 yr rate,    87.57%
2015,62,Nelson County,On-Time Graduation Rate,4 yr rate,    83.92%
2015,63,New Kent County,On-Time Graduation Rate,4 yr rate,    92.65%
2015,117,Newport News City,On-Time Graduation Rate,4 yr rate,    89.50%
2015,118,Norfolk City,On-Time Graduation Rate,4 yr rate,    80.65%
2015,65,Northampton County,On-Time Graduation Rate,4 yr rate,    84.38%
2015,66,Northumberland County,On-Time Graduation Rate,4 yr rate,    94.50%
2015,119,Norton City,On-Time Graduation Rate,4 yr rate,    94.83%
2015,67,Nottoway County,On-Time Graduation Rate,4 yr rate,    85.55%
2015,68,Orange County,On-Time Graduation Rate,4 yr rate,    90.73%
2015,69,Page County,On-Time Graduation Rate,4 yr rate,    98.18%
2015,70,Patrick County,On-Time Graduation Rate,4 yr rate,    90.91%
2015,120,Petersburg City,On-Time Graduation Rate,4 yr rate,    70.93%
2015,71,Pittsylvania County,On-Time Graduation Rate,4 yr rate,    91.10%
2015,142,Poquoson City,On-Time Graduation Rate,4 yr rate,    94.82%
2015,121,Portsmouth City,On-Time Graduation Rate,4 yr rate,    86.99%
2015,72,Powhatan County,On-Time Graduation Rate,4 yr rate,    92.92%
2015,73,Prince Edward County,On-Time Graduation Rate,4 yr rate,    85.71%
2015,74,Prince George County,On-Time Graduation Rate,4 yr rate,    85.15%
2015,75,Prince William County,On-Time Graduation Rate,4 yr rate,    91.42%
2015,77,Pulaski County,On-Time Graduation Rate,4 yr rate,    90.18%
2015,122,Radford City,On-Time Graduation Rate,4 yr rate,    96.69%
2015,78,Rappahannock County,On-Time Graduation Rate,4 yr rate,    94.52%
2015,123,Richmond City,On-Time Graduation Rate,4 yr rate,    81.34%
2015,79,Richmond County,On-Time Graduation Rate,4 yr rate,    92.68%
2015,124,Roanoke City,On-Time Graduation Rate,4 yr rate,    85.60%
2015,80,Roanoke County,On-Time Graduation Rate,4 yr rate,    94.63%
2015,81,Rockbridge County,On-Time Graduation Rate,4 yr rate,    92.43%
2015,82,Rockingham County,On-Time Graduation Rate,4 yr rate,    91.23%
2015,83,Russell County,On-Time Graduation Rate,4 yr rate,    94.06%
2015,139,Salem City,On-Time Graduation Rate,4 yr rate,    94.20%
2015,84,Scott County,On-Time Graduation Rate,4 yr rate,    94.42%
2015,85,Shenandoah County,On-Time Graduation Rate,4 yr rate,    95.89%
2015,86,Smyth County,On-Time Graduation Rate,4 yr rate,    93.31%
2015,87,Southampton County,On-Time Graduation Rate,4 yr rate,    88.66%
2015,88,Spotsylvania County,On-Time Graduation Rate,4 yr rate,    90.24%
2015,89,Stafford County,On-Time Graduation Rate,4 yr rate,    92.50%
2015,126,Staunton City,On-Time Graduation Rate,4 yr rate,    91.01%
2015,127,Suffolk City,On-Time Graduation Rate,4 yr rate,    86.16%
2015,90,Surry County,On-Time Graduation Rate,4 yr rate,    88.46%
2015,91,Sussex County,On-Time Graduation Rate,4 yr rate,    89.16%
2015,92,Tazewell County,On-Time Graduation Rate,4 yr rate,    84.21%
2015,128,Virginia Beach City,On-Time Graduation Rate,4 yr rate,    89.79%
2015,93,Warren County,On-Time Graduation Rate,4 yr rate,    92.65%
2015,94,Washington County,On-Time Graduation Rate,4 yr rate,    94.99%
2015,130,Waynesboro City,On-Time Graduation Rate,4 yr rate,    79.74%
2015,207,West Point,On-Time Graduation Rate,4 yr rate,    98.44%
2015,95,Westmoreland County,On-Time Graduation Rate,4 yr rate,    88.43%
2015,131,Williamsburg-James City County,On-Time Graduation Rate,4 yr rate,    90.93%
2015,132,Winchester City,On-Time Graduation Rate,4 yr rate,    92.71%
2015,96,Wise County,On-Time Graduation Rate,4 yr rate,    91.78%
2015,97,Wythe County,On-Time Graduation Rate,4 yr rate,    90.51%
2015,98,York County,On-Time Graduation Rate,4 yr rate,    94.55%
2016,1,Accomack County,On-Time Graduation Rate,4 yr rate,    88.64%
2016,2,Albemarle County,On-Time Graduation Rate,4 yr rate,    95.20%
2016,101,Alexandria City,On-Time Graduation Rate,4 yr rate,    82.40%
2016,3,Alleghany County,On-Time Graduation Rate,4 yr rate,    92.92%
2016,4,Amelia County,On-Time Graduation Rate,4 yr rate,    96.79%
2016,5,Amherst County,On-Time Graduation Rate,4 yr rate,    91.04%
2016,6,Appomattox County,On-Time Graduation Rate,4 yr rate,    92.35%
2016,7,Arlington County,On-Time Graduation Rate,4 yr rate,    91.10%
2016,8,Augusta County,On-Time Graduation Rate,4 yr rate,    92.15%
2016,9,Bath County,On-Time Graduation Rate,4 yr rate,    93.75%
2016,10,Bedford County,On-Time Graduation Rate,4 yr rate,    92.94%
2016,11,Bland County,On-Time Graduation Rate,4 yr rate,    90.77%
2016,12,Botetourt County,On-Time Graduation Rate,4 yr rate,    95.52%
2016,102,Bristol City,On-Time Graduation Rate,4 yr rate,    89.66%
2016,13,Brunswick County,On-Time Graduation Rate,4 yr rate,    82.47%
2016,14,Buchanan County,On-Time Graduation Rate,4 yr rate,    86.02%
2016,15,Buckingham County,On-Time Graduation Rate,4 yr rate,    91.03%
2016,103,Buena Vista City,On-Time Graduation Rate,4 yr rate,    79.22%
2016,16,Campbell County,On-Time Graduation Rate,4 yr rate,    89.95%
2016,17,Caroline County,On-Time Graduation Rate,4 yr rate,    88.46%
2016,18,Carroll County,On-Time Graduation Rate,4 yr rate,    92.36%
2016,19,Charles City County,On-Time Graduation Rate,4 yr rate,    98.44%
2016,20,Charlotte County,On-Time Graduation Rate,4 yr rate,    90.58%
2016,104,Charlottesville City,On-Time Graduation Rate,4 yr rate,    89.42%
2016,136,Chesapeake City,On-Time Graduation Rate,4 yr rate,    93.41%
2016,21,Chesterfield County,On-Time Graduation Rate,4 yr rate,    90.88%
2016,22,Clarke County,On-Time Graduation Rate,4 yr rate,    97.54%
2016,202,Colonial Beach,On-Time Graduation Rate,4 yr rate,    95.24%
2016,106,Colonial Heights City,On-Time Graduation Rate,4 yr rate,    93.42%
2016,107,Covington City,On-Time Graduation Rate,4 yr rate,    79.69%
2016,23,Craig County,On-Time Graduation Rate,4 yr rate,    95.65%
2016,24,Culpeper County,On-Time Graduation Rate,4 yr rate,    92.73%
2016,25,Cumberland County,On-Time Graduation Rate,4 yr rate,    91.35%
2016,108,Danville City,On-Time Graduation Rate,4 yr rate,    81.01%
2016,26,Dickenson County,On-Time Graduation Rate,4 yr rate,    90.40%
2016,27,Dinwiddie County,On-Time Graduation Rate,4 yr rate,    87.46%
2016,28,Essex County,On-Time Graduation Rate,4 yr rate,    86.86%
2016,29,Fairfax County,On-Time Graduation Rate,4 yr rate,    92.30%
2016,109,Falls Church City,On-Time Graduation Rate,4 yr rate,    99.47%
2016,30,Fauquier County,On-Time Graduation Rate,4 yr rate,    95.22%
2016,31,Floyd County,On-Time Graduation Rate,4 yr rate,    92.68%
2016,32,Fluvanna County,On-Time Graduation Rate,4 yr rate,    94.37%
2016,135,Franklin City,On-Time Graduation Rate,4 yr rate,    88.89%
2016,33,Franklin County,On-Time Graduation Rate,4 yr rate,    91.59%
2016,34,Frederick County,On-Time Graduation Rate,4 yr rate,    93.47%
2016,110,Fredericksburg City,On-Time Graduation Rate,4 yr rate,    88.65%
2016,111,Galax City,On-Time Graduation Rate,4 yr rate,    86.36%
2016,35,Giles County,On-Time Graduation Rate,4 yr rate,    85.13%
2016,36,Gloucester County,On-Time Graduation Rate,4 yr rate,    90.54%
2016,37,Goochland County,On-Time Graduation Rate,4 yr rate,    97.13%
2016,38,Grayson County,On-Time Graduation Rate,4 yr rate,    90.58%
2016,39,Greene County,On-Time Graduation Rate,4 yr rate,    93.26%
2016,40,Greensville County,On-Time Graduation Rate,4 yr rate,    85.39%
2016,41,Halifax County,On-Time Graduation Rate,4 yr rate,    93.35%
2016,112,Hampton City,On-Time Graduation Rate,4 yr rate,    90.54%
2016,42,Hanover County,On-Time Graduation Rate,4 yr rate,    95.36%
2016,113,Harrisonburg City,On-Time Graduation Rate,4 yr rate,    89.37%
2016,43,Henrico County,On-Time Graduation Rate,4 yr rate,    91.04%
2016,44,Henry County,On-Time Graduation Rate,4 yr rate,    91.34%
2016,45,Highland County,On-Time Graduation Rate,4 yr rate,   100.00%
2016,114,Hopewell City,On-Time Graduation Rate,4 yr rate,    85.14%
2016,46,Isle of Wight County,On-Time Graduation Rate,4 yr rate,    92.71%
2016,48,King George County,On-Time Graduation Rate,4 yr rate,    94.84%
2016,50,King William County,On-Time Graduation Rate,4 yr rate,    89.14%
2016,49,King and Queen County,On-Time Graduation Rate,4 yr rate,    82.35%
2016,51,Lancaster County,On-Time Graduation Rate,4 yr rate,    89.72%
2016,52,Lee County,On-Time Graduation Rate,4 yr rate,    85.42%
2016,137,Lexington City,On-Time Graduation Rate,4 yr rate,<
2016,53,Loudoun County,On-Time Graduation Rate,4 yr rate,    95.94%
2016,54,Louisa County,On-Time Graduation Rate,4 yr rate,    92.73%
2016,55,Lunenburg County,On-Time Graduation Rate,4 yr rate,    82.11%
2016,115,Lynchburg City,On-Time Graduation Rate,4 yr rate,    85.55%
2016,56,Madison County,On-Time Graduation Rate,4 yr rate,    96.45%
2016,143,Manassas City,On-Time Graduation Rate,4 yr rate,    79.82%
2016,144,Manassas Park City,On-Time Graduation Rate,4 yr rate,    86.32%
2016,116,Martinsville City,On-Time Graduation Rate,4 yr rate,    85.96%
2016,57,Mathews County,On-Time Graduation Rate,4 yr rate,    96.40%
2016,58,Mecklenburg County,On-Time Graduation Rate,4 yr rate,    90.81%
2016,59,Middlesex County,On-Time Graduation Rate,4 yr rate,    89.89%
2016,60,Montgomery County,On-Time Graduation Rate,4 yr rate,    94.47%
2016,62,Nelson County,On-Time Graduation Rate,4 yr rate,    91.98%
2016,63,New Kent County,On-Time Graduation Rate,4 yr rate,    92.59%
2016,117,Newport News City,On-Time Graduation Rate,4 yr rate,    92.10%
2016,118,Norfolk City,On-Time Graduation Rate,4 yr rate,    84.94%
2016,65,Northampton County,On-Time Graduation Rate,4 yr rate,    86.79%
2016,66,Northumberland County,On-Time Graduation Rate,4 yr rate,    93.94%
2016,119,Norton City,On-Time Graduation Rate,4 yr rate,    98.25%
2016,67,Nottoway County,On-Time Graduation Rate,4 yr rate,    87.82%
2016,68,Orange County,On-Time Graduation Rate,4 yr rate,    93.75%
2016,69,Page County,On-Time Graduation Rate,4 yr rate,    97.35%
2016,70,Patrick County,On-Time Graduation Rate,4 yr rate,    91.37%
2016,120,Petersburg City,On-Time Graduation Rate,4 yr rate,    84.31%
2016,71,Pittsylvania County,On-Time Graduation Rate,4 yr rate,    93.09%
2016,142,Poquoson City,On-Time Graduation Rate,4 yr rate,    92.39%
2016,121,Portsmouth City,On-Time Graduation Rate,4 yr rate,    89.00%
2016,72,Powhatan County,On-Time Graduation Rate,4 yr rate,    94.89%
2016,73,Prince Edward County,On-Time Graduation Rate,4 yr rate,    90.42%
2016,74,Prince George County,On-Time Graduation Rate,4 yr rate,    88.34%
2016,75,Prince William County,On-Time Graduation Rate,4 yr rate,    91.67%
2016,77,Pulaski County,On-Time Graduation Rate,4 yr rate,    92.97%
2016,122,Radford City,On-Time Graduation Rate,4 yr rate,    95.83%
2016,78,Rappahannock County,On-Time Graduation Rate,4 yr rate,    89.39%
2016,123,Richmond City,On-Time Graduation Rate,4 yr rate,    80.50%
2016,79,Richmond County,On-Time Graduation Rate,4 yr rate,    94.38%
2016,124,Roanoke City,On-Time Graduation Rate,4 yr rate,    87.47%
2016,80,Roanoke County,On-Time Graduation Rate,4 yr rate,    94.08%
2016,81,Rockbridge County,On-Time Graduation Rate,4 yr rate,    91.08%
2016,82,Rockingham County,On-Time Graduation Rate,4 yr rate,    94.17%
2016,83,Russell County,On-Time Graduation Rate,4 yr rate,    93.27%
2016,139,Salem City,On-Time Graduation Rate,4 yr rate,    94.86%
2016,84,Scott County,On-Time Graduation Rate,4 yr rate,    94.60%
2016,85,Shenandoah County,On-Time Graduation Rate,4 yr rate,    94.70%
2016,86,Smyth County,On-Time Graduation Rate,4 yr rate,    95.47%
2016,87,Southampton County,On-Time Graduation Rate,4 yr rate,    86.91%
2016,88,Spotsylvania County,On-Time Graduation Rate,4 yr rate,    89.60%
2016,89,Stafford County,On-Time Graduation Rate,4 yr rate,    92.93%
2016,126,Staunton City,On-Time Graduation Rate,4 yr rate,    91.09%
2016,127,Suffolk City,On-Time Graduation Rate,4 yr rate,    87.04%
2016,90,Surry County,On-Time Graduation Rate,4 yr rate,    95.52%
2016,91,Sussex County,On-Time Graduation Rate,4 yr rate,    89.77%
2016,92,Tazewell County,On-Time Graduation Rate,4 yr rate,    92.07%
2016,128,Virginia Beach City,On-Time Graduation Rate,4 yr rate,    91.35%
2016,93,Warren County,On-Time Graduation Rate,4 yr rate,    92.90%
2016,94,Washington County,On-Time Graduation Rate,4 yr rate,    96.57%
2016,130,Waynesboro City,On-Time Graduation Rate,4 yr rate,    82.63%
2016,207,West Point,On-Time Graduation Rate,4 yr rate,    98.15%
2016,95,Westmoreland County,On-Time Graduation Rate,4 yr rate,    90.00%
2016,131,Williamsburg-James City County,On-Time Graduation Rate,4 yr rate,    91.63%
2016,132,Winchester City,On-Time Graduation Rate,4 yr rate,    91.09%
2016,96,Wise County,On-Time Graduation Rate,4 yr rate,    94.04%
2016,97,Wythe County,On-Time Graduation Rate,4 yr rate,    91.64%
2016,98,York County,On-Time Graduation Rate,4 yr rate,    96.25%
2017,1,Accomack County,On-Time Graduation Rate,4 yr rate,    89.71%
2017,2,Albemarle County,On-Time Graduation Rate,4 yr rate,    94.78%
2017,101,Alexandria City,On-Time Graduation Rate,4 yr rate,    83.05%
2017,3,Alleghany County,On-Time Graduation Rate,4 yr rate,    91.04%
2017,4,Amelia County,On-Time Graduation Rate,4 yr rate,    94.16%
2017,5,Amherst County,On-Time Graduation Rate,4 yr rate,    95.68%
2017,6,Appomattox County,On-Time Graduation Rate,4 yr rate,    95.14%
2017,7,Arlington County,On-Time Graduation Rate,4 yr rate,    90.79%
2017,8,Augusta County,On-Time Graduation Rate,4 yr rate,    91.34%
2017,9,Bath County,On-Time Graduation Rate,4 yr rate,    91.07%
2017,10,Bedford County,On-Time Graduation Rate,4 yr rate,    90.41%
2017,11,Bland County,On-Time Graduation Rate,4 yr rate,    98.21%
2017,12,Botetourt County,On-Time Graduation Rate,4 yr rate,    93.55%
2017,102,Bristol City,On-Time Graduation Rate,4 yr rate,    83.71%
2017,13,Brunswick County,On-Time Graduation Rate,4 yr rate,    86.43%
2017,14,Buchanan County,On-Time Graduation Rate,4 yr rate,    90.30%
2017,15,Buckingham County,On-Time Graduation Rate,4 yr rate,    94.41%
2017,103,Buena Vista City,On-Time Graduation Rate,4 yr rate,    90.22%
2017,16,Campbell County,On-Time Graduation Rate,4 yr rate,    92.82%
2017,17,Caroline County,On-Time Graduation Rate,4 yr rate,    87.26%
2017,18,Carroll County,On-Time Graduation Rate,4 yr rate,    90.52%
2017,19,Charles City County,On-Time Graduation Rate,4 yr rate,    92.59%
2017,20,Charlotte County,On-Time Graduation Rate,4 yr rate,    87.01%
2017,104,Charlottesville City,On-Time Graduation Rate,4 yr rate,    89.56%
2017,136,Chesapeake City,On-Time Graduation Rate,4 yr rate,    92.73%
2017,21,Chesterfield County,On-Time Graduation Rate,4 yr rate,    90.21%
2017,22,Clarke County,On-Time Graduation Rate,4 yr rate,    97.93%
2017,202,Colonial Beach,On-Time Graduation Rate,4 yr rate,    96.00%
2017,106,Colonial Heights City,On-Time Graduation Rate,4 yr rate,    95.96%
2017,107,Covington City,On-Time Graduation Rate,4 yr rate,    85.94%
2017,23,Craig County,On-Time Graduation Rate,4 yr rate,    89.13%
2017,24,Culpeper County,On-Time Graduation Rate,4 yr rate,    89.81%
2017,25,Cumberland County,On-Time Graduation Rate,4 yr rate,    94.95%
2017,108,Danville City,On-Time Graduation Rate,4 yr rate,    77.17%
2017,26,Dickenson County,On-Time Graduation Rate,4 yr rate,    87.72%
2017,27,Dinwiddie County,On-Time Graduation Rate,4 yr rate,    89.55%
2017,28,Essex County,On-Time Graduation Rate,4 yr rate,    86.87%
2017,29,Fairfax County,On-Time Graduation Rate,4 yr rate,    91.43%
2017,109,Falls Church City,On-Time Graduation Rate,4 yr rate,    99.49%
2017,30,Fauquier County,On-Time Graduation Rate,4 yr rate,    95.78%
2017,31,Floyd County,On-Time Graduation Rate,4 yr rate,    93.48%
2017,32,Fluvanna County,On-Time Graduation Rate,4 yr rate,    97.40%
2017,135,Franklin City,On-Time Graduation Rate,4 yr rate,    86.49%
2017,33,Franklin County,On-Time Graduation Rate,4 yr rate,    93.45%
2017,34,Frederick County,On-Time Graduation Rate,4 yr rate,    94.76%
2017,110,Fredericksburg City,On-Time Graduation Rate,4 yr rate,    83.11%
2017,111,Galax City,On-Time Graduation Rate,4 yr rate,    89.11%
2017,35,Giles County,On-Time Graduation Rate,4 yr rate,    89.81%
2017,36,Gloucester County,On-Time Graduation Rate,4 yr rate,    90.36%
2017,37,Goochland County,On-Time Graduation Rate,4 yr rate,    96.45%
2017,38,Grayson County,On-Time Graduation Rate,4 yr rate,    96.40%
2017,39,Greene County,On-Time Graduation Rate,4 yr rate,    95.42%
2017,40,Greensville County,On-Time Graduation Rate,4 yr rate,    84.39%
2017,41,Halifax County,On-Time Graduation Rate,4 yr rate,    91.53%
2017,112,Hampton City,On-Time Graduation Rate,4 yr rate,    91.46%
2017,42,Hanover County,On-Time Graduation Rate,4 yr rate,    95.17%
2017,113,Harrisonburg City,On-Time Graduation Rate,4 yr rate,    87.38%
2017,43,Henrico County,On-Time Graduation Rate,4 yr rate,    91.13%
2017,44,Henry County,On-Time Graduation Rate,4 yr rate,    87.13%
2017,45,Highland County,On-Time Graduation Rate,4 yr rate,    82.35%
2017,114,Hopewell City,On-Time Graduation Rate,4 yr rate,    85.14%
2017,46,Isle of Wight County,On-Time Graduation Rate,4 yr rate,    93.73%
2017,48,King George County,On-Time Graduation Rate,4 yr rate,    93.81%
2017,50,King William County,On-Time Graduation Rate,4 yr rate,    92.02%
2017,49,King and Queen County,On-Time Graduation Rate,4 yr rate,    72.97%
2017,51,Lancaster County,On-Time Graduation Rate,4 yr rate,    87.13%
2017,52,Lee County,On-Time Graduation Rate,4 yr rate,    77.35%
2017,53,Loudoun County,On-Time Graduation Rate,4 yr rate,    95.59%
2017,54,Louisa County,On-Time Graduation Rate,4 yr rate,    91.79%
2017,55,Lunenburg County,On-Time Graduation Rate,4 yr rate,    88.03%
2017,115,Lynchburg City,On-Time Graduation Rate,4 yr rate,    86.38%
2017,56,Madison County,On-Time Graduation Rate,4 yr rate,    93.75%
2017,143,Manassas City,On-Time Graduation Rate,4 yr rate,    78.48%
2017,144,Manassas Park City,On-Time Graduation Rate,4 yr rate,    90.57%
2017,116,Martinsville City,On-Time Graduation Rate,4 yr rate,    86.71%
2017,57,Mathews County,On-Time Graduation Rate,4 yr rate,    91.59%
2017,58,Mecklenburg County,On-Time Graduation Rate,4 yr rate,    92.67%
2017,59,Middlesex County,On-Time Graduation Rate,4 yr rate,    83.95%
2017,60,Montgomery County,On-Time Graduation Rate,4 yr rate,    92.82%
2017,62,Nelson County,On-Time Graduation Rate,4 yr rate,    88.31%
2017,63,New Kent County,On-Time Graduation Rate,4 yr rate,    88.89%
2017,117,Newport News City,On-Time Graduation Rate,4 yr rate,    93.52%
2017,118,Norfolk City,On-Time Graduation Rate,4 yr rate,    81.39%
2017,65,Northampton County,On-Time Graduation Rate,4 yr rate,    81.48%
2017,66,Northumberland County,On-Time Graduation Rate,4 yr rate,    95.54%
2017,119,Norton City,On-Time Graduation Rate,4 yr rate,    95.74%
2017,67,Nottoway County,On-Time Graduation Rate,4 yr rate,    87.13%
2017,68,Orange County,On-Time Graduation Rate,4 yr rate,    94.36%
2017,69,Page County,On-Time Graduation Rate,4 yr rate,    96.68%
2017,70,Patrick County,On-Time Graduation Rate,4 yr rate,    92.02%
2017,120,Petersburg City,On-Time Graduation Rate,4 yr rate,    80.22%
2017,71,Pittsylvania County,On-Time Graduation Rate,4 yr rate,    91.90%
2017,142,Poquoson City,On-Time Graduation Rate,4 yr rate,    94.71%
2017,121,Portsmouth City,On-Time Graduation Rate,4 yr rate,    86.55%
2017,72,Powhatan County,On-Time Graduation Rate,4 yr rate,    94.02%
2017,73,Prince Edward County,On-Time Graduation Rate,4 yr rate,    93.21%
2017,74,Prince George County,On-Time Graduation Rate,4 yr rate,    91.68%
2017,75,Prince William County,On-Time Graduation Rate,4 yr rate,    91.82%
2017,77,Pulaski County,On-Time Graduation Rate,4 yr rate,    93.70%
2017,122,Radford City,On-Time Graduation Rate,4 yr rate,    95.41%
2017,78,Rappahannock County,On-Time Graduation Rate,4 yr rate,    95.71%
2017,123,Richmond City,On-Time Graduation Rate,4 yr rate,    76.95%
2017,79,Richmond County,On-Time Graduation Rate,4 yr rate,    94.50%
2017,124,Roanoke City,On-Time Graduation Rate,4 yr rate,    89.62%
2017,80,Roanoke County,On-Time Graduation Rate,4 yr rate,    94.25%
2017,81,Rockbridge County,On-Time Graduation Rate,4 yr rate,    91.25%
2017,82,Rockingham County,On-Time Graduation Rate,4 yr rate,    94.67%
2017,83,Russell County,On-Time Graduation Rate,4 yr rate,    91.47%
2017,139,Salem City,On-Time Graduation Rate,4 yr rate,    94.30%
2017,84,Scott County,On-Time Graduation Rate,4 yr rate,    94.20%
2017,85,Shenandoah County,On-Time Graduation Rate,4 yr rate,    96.05%
2017,86,Smyth County,On-Time Graduation Rate,4 yr rate,    94.52%
2017,87,Southampton County,On-Time Graduation Rate,4 yr rate,    89.25%
2017,88,Spotsylvania County,On-Time Graduation Rate,4 yr rate,    90.49%
2017,89,Stafford County,On-Time Graduation Rate,4 yr rate,    94.29%
2017,126,Staunton City,On-Time Graduation Rate,4 yr rate,    88.64%
2017,127,Suffolk City,On-Time Graduation Rate,4 yr rate,    87.19%
2017,90,Surry County,On-Time Graduation Rate,4 yr rate,    88.06%
2017,91,Sussex County,On-Time Graduation Rate,4 yr rate,    89.77%
2017,92,Tazewell County,On-Time Graduation Rate,4 yr rate,    89.46%
2017,128,Virginia Beach City,On-Time Graduation Rate,4 yr rate,    91.95%
2017,93,Warren County,On-Time Graduation Rate,4 yr rate,    93.90%
2017,94,Washington County,On-Time Graduation Rate,4 yr rate,    93.49%
2017,130,Waynesboro City,On-Time Graduation Rate,4 yr rate,    87.67%
2017,207,West Point,On-Time Graduation Rate,4 yr rate,    97.33%
2017,95,Westmoreland County,On-Time Graduation Rate,4 yr rate,    93.02%
2017,131,Williamsburg-James City County,On-Time Graduation Rate,4 yr rate,    92.43%
2017,132,Winchester City,On-Time Graduation Rate,4 yr rate,    92.93%
2017,96,Wise County,On-Time Graduation Rate,4 yr rate,    95.93%
2017,97,Wythe County,On-Time Graduation Rate,4 yr rate,    91.17%
2017,98,York County,On-Time Graduation Rate,4 yr rate,    95.17%
2018,1,Accomack County,On-Time Graduation Rate,4 yr rate,    86.13%
2018,2,Albemarle County,On-Time Graduation Rate,4 yr rate,    92.74%
2018,101,Alexandria City,On-Time Graduation Rate,4 yr rate,    80.64%
2018,3,Alleghany County,On-Time Graduation Rate,4 yr rate,    93.63%
2018,4,Amelia County,On-Time Graduation Rate,4 yr rate,    90.30%
2018,5,Amherst County,On-Time Graduation Rate,4 yr rate,    93.25%
2018,6,Appomattox County,On-Time Graduation Rate,4 yr rate,    93.81%
2018,7,Arlington County,On-Time Graduation Rate,4 yr rate,    92.15%
2018,8,Augusta County,On-Time Graduation Rate,4 yr rate,    94.82%
2018,9,Bath County,On-Time Graduation Rate,4 yr rate,    93.62%
2018,10,Bedford County,On-Time Graduation Rate,4 yr rate,    91.88%
2018,11,Bland County,On-Time Graduation Rate,4 yr rate,    95.16%
2018,12,Botetourt County,On-Time Graduation Rate,4 yr rate,    95.26%
2018,102,Bristol City,On-Time Graduation Rate,4 yr rate,    90.68%
2018,13,Brunswick County,On-Time Graduation Rate,4 yr rate,    88.72%
2018,14,Buchanan County,On-Time Graduation Rate,4 yr rate,    90.05%
2018,15,Buckingham County,On-Time Graduation Rate,4 yr rate,    95.28%
2018,103,Buena Vista City,On-Time Graduation Rate,4 yr rate,    87.32%
2018,16,Campbell County,On-Time Graduation Rate,4 yr rate,    91.48%
2018,17,Caroline County,On-Time Graduation Rate,4 yr rate,    88.01%
2018,18,Carroll County,On-Time Graduation Rate,4 yr rate,    91.26%
2018,19,Charles City County,On-Time Graduation Rate,4 yr rate,    89.80%
2018,20,Charlotte County,On-Time Graduation Rate,4 yr rate,    88.96%
2018,104,Charlottesville City,On-Time Graduation Rate,4 yr rate,    92.62%
2018,136,Chesapeake City,On-Time Graduation Rate,4 yr rate,    93.07%
2018,21,Chesterfield County,On-Time Graduation Rate,4 yr rate,    90.88%
2018,22,Clarke County,On-Time Graduation Rate,4 yr rate,    99.37%
2018,202,Colonial Beach,On-Time Graduation Rate,4 yr rate,    89.47%
2018,106,Colonial Heights City,On-Time Graduation Rate,4 yr rate,    91.47%
2018,107,Covington City,On-Time Graduation Rate,4 yr rate,    80.82%
2018,23,Craig County,On-Time Graduation Rate,4 yr rate,    88.06%
2018,24,Culpeper County,On-Time Graduation Rate,4 yr rate,    92.06%
2018,25,Cumberland County,On-Time Graduation Rate,4 yr rate,    94.17%
2018,108,Danville City,On-Time Graduation Rate,4 yr rate,    80.62%
2018,26,Dickenson County,On-Time Graduation Rate,4 yr rate,    91.36%
2018,27,Dinwiddie County,On-Time Graduation Rate,4 yr rate,    87.68%
2018,28,Essex County,On-Time Graduation Rate,4 yr rate,    93.28%
2018,29,Fairfax County,On-Time Graduation Rate,4 yr rate,    91.52%
2018,109,Falls Church City,On-Time Graduation Rate,4 yr rate,    98.52%
2018,30,Fauquier County,On-Time Graduation Rate,4 yr rate,    96.09%
2018,31,Floyd County,On-Time Graduation Rate,4 yr rate,    97.81%
2018,32,Fluvanna County,On-Time Graduation Rate,4 yr rate,    95.56%
2018,135,Franklin City,On-Time Graduation Rate,4 yr rate,    92.65%
2018,33,Franklin County,On-Time Graduation Rate,4 yr rate,    90.00%
2018,34,Frederick County,On-Time Graduation Rate,4 yr rate,    93.28%
2018,110,Fredericksburg City,On-Time Graduation Rate,4 yr rate,    82.56%
2018,111,Galax City,On-Time Graduation Rate,4 yr rate,    92.94%
2018,35,Giles County,On-Time Graduation Rate,4 yr rate,    92.68%
2018,36,Gloucester County,On-Time Graduation Rate,4 yr rate,    92.59%
2018,37,Goochland County,On-Time Graduation Rate,4 yr rate,    93.97%
2018,38,Grayson County,On-Time Graduation Rate,4 yr rate,    90.55%
2018,39,Greene County,On-Time Graduation Rate,4 yr rate,    94.69%
2018,40,Greensville County,On-Time Graduation Rate,4 yr rate,    88.77%
2018,41,Halifax County,On-Time Graduation Rate,4 yr rate,    94.55%
2018,112,Hampton City,On-Time Graduation Rate,4 yr rate,    92.58%
2018,42,Hanover County,On-Time Graduation Rate,4 yr rate,    95.14%
2018,113,Harrisonburg City,On-Time Graduation Rate,4 yr rate,    88.21%
2018,43,Henrico County,On-Time Graduation Rate,4 yr rate,    92.29%
2018,44,Henry County,On-Time Graduation Rate,4 yr rate,    87.89%
2018,45,Highland County,On-Time Graduation Rate,4 yr rate,   100.00%
2018,114,Hopewell City,On-Time Graduation Rate,4 yr rate,    90.91%
2018,46,Isle of Wight County,On-Time Graduation Rate,4 yr rate,    95.50%
2018,48,King George County,On-Time Graduation Rate,4 yr rate,    95.20%
2018,50,King William County,On-Time Graduation Rate,4 yr rate,    90.42%
2018,49,King and Queen County,On-Time Graduation Rate,4 yr rate,    86.84%
2018,51,Lancaster County,On-Time Graduation Rate,4 yr rate,    88.66%
2018,52,Lee County,On-Time Graduation Rate,4 yr rate,    84.48%
2018,53,Loudoun County,On-Time Graduation Rate,4 yr rate,    95.52%
2018,54,Louisa County,On-Time Graduation Rate,4 yr rate,    94.21%
2018,55,Lunenburg County,On-Time Graduation Rate,4 yr rate,    79.59%
2018,115,Lynchburg City,On-Time Graduation Rate,4 yr rate,    86.22%
2018,56,Madison County,On-Time Graduation Rate,4 yr rate,    95.45%
2018,143,Manassas City,On-Time Graduation Rate,4 yr rate,    78.21%
2018,144,Manassas Park City,On-Time Graduation Rate,4 yr rate,    89.32%
2018,116,Martinsville City,On-Time Graduation Rate,4 yr rate,    87.27%
2018,57,Mathews County,On-Time Graduation Rate,4 yr rate,    94.17%
2018,58,Mecklenburg County,On-Time Graduation Rate,4 yr rate,    88.92%
2018,59,Middlesex County,On-Time Graduation Rate,4 yr rate,    93.46%
2018,60,Montgomery County,On-Time Graduation Rate,4 yr rate,    95.56%
2018,62,Nelson County,On-Time Graduation Rate,4 yr rate,    92.40%
2018,63,New Kent County,On-Time Graduation Rate,4 yr rate,    93.55%
2018,117,Newport News City,On-Time Graduation Rate,4 yr rate,    92.97%
2018,118,Norfolk City,On-Time Graduation Rate,4 yr rate,    82.30%
2018,65,Northampton County,On-Time Graduation Rate,4 yr rate,    91.38%
2018,66,Northumberland County,On-Time Graduation Rate,4 yr rate,    94.87%
2018,119,Norton City,On-Time Graduation Rate,4 yr rate,    95.31%
2018,67,Nottoway County,On-Time Graduation Rate,4 yr rate,    91.03%
2018,68,Orange County,On-Time Graduation Rate,4 yr rate,    93.15%
2018,69,Page County,On-Time Graduation Rate,4 yr rate,    99.63%
2018,70,Patrick County,On-Time Graduation Rate,4 yr rate,    93.40%
2018,120,Petersburg City,On-Time Graduation Rate,4 yr rate,    83.03%
2018,71,Pittsylvania County,On-Time Graduation Rate,4 yr rate,    91.26%
2018,142,Poquoson City,On-Time Graduation Rate,4 yr rate,    96.27%
2018,121,Portsmouth City,On-Time Graduation Rate,4 yr rate,    85.96%
2018,72,Powhatan County,On-Time Graduation Rate,4 yr rate,    93.88%
2018,73,Prince Edward County,On-Time Graduation Rate,4 yr rate,    89.31%
2018,74,Prince George County,On-Time Graduation Rate,4 yr rate,    90.93%
2018,75,Prince William County,On-Time Graduation Rate,4 yr rate,    92.16%
2018,77,Pulaski County,On-Time Graduation Rate,4 yr rate,    94.81%
2018,122,Radford City,On-Time Graduation Rate,4 yr rate,    96.92%
2018,78,Rappahannock County,On-Time Graduation Rate,4 yr rate,    94.81%
2018,123,Richmond City,On-Time Graduation Rate,4 yr rate,    75.48%
2018,79,Richmond County,On-Time Graduation Rate,4 yr rate,    95.06%
2018,124,Roanoke City,On-Time Graduation Rate,4 yr rate,    89.99%
2018,80,Roanoke County,On-Time Graduation Rate,4 yr rate,    95.23%
2018,81,Rockbridge County,On-Time Graduation Rate,4 yr rate,    90.63%
2018,82,Rockingham County,On-Time Graduation Rate,4 yr rate,    94.19%
2018,83,Russell County,On-Time Graduation Rate,4 yr rate,    89.62%
2018,139,Salem City,On-Time Graduation Rate,4 yr rate,    96.73%
2018,84,Scott County,On-Time Graduation Rate,4 yr rate,    94.64%
2018,85,Shenandoah County,On-Time Graduation Rate,4 yr rate,    96.85%
2018,86,Smyth County,On-Time Graduation Rate,4 yr rate,    94.87%
2018,87,Southampton County,On-Time Graduation Rate,4 yr rate,    86.77%
2018,88,Spotsylvania County,On-Time Graduation Rate,4 yr rate,    91.24%
2018,89,Stafford County,On-Time Graduation Rate,4 yr rate,    94.57%
2018,126,Staunton City,On-Time Graduation Rate,4 yr rate,    89.60%
2018,127,Suffolk City,On-Time Graduation Rate,4 yr rate,    86.74%
2018,90,Surry County,On-Time Graduation Rate,4 yr rate,    93.85%
2018,91,Sussex County,On-Time Graduation Rate,4 yr rate,    89.13%
2018,92,Tazewell County,On-Time Graduation Rate,4 yr rate,    88.94%
2018,128,Virginia Beach City,On-Time Graduation Rate,4 yr rate,    93.38%
2018,93,Warren County,On-Time Graduation Rate,4 yr rate,    93.78%
2018,94,Washington County,On-Time Graduation Rate,4 yr rate,    93.95%
2018,130,Waynesboro City,On-Time Graduation Rate,4 yr rate,    83.08%
2018,207,West Point,On-Time Graduation Rate,4 yr rate,    97.18%
2018,95,Westmoreland County,On-Time Graduation Rate,4 yr rate,    93.28%
2018,131,Williamsburg-James City County,On-Time Graduation Rate,4 yr rate,    92.14%
2018,132,Winchester City,On-Time Graduation Rate,4 yr rate,    89.07%
2018,96,Wise County,On-Time Graduation Rate,4 yr rate,    96.32%
2018,97,Wythe County,On-Time Graduation Rate,4 yr rate,    93.47%
2018,98,York County,On-Time Graduation Rate,4 yr rate,    96.88%
2019,1,Accomack County,On-Time Graduation Rate,4 yr rate,    91.75%
2019,2,Albemarle County,On-Time Graduation Rate,4 yr rate,    94.36%
2019,101,Alexandria City,On-Time Graduation Rate,4 yr rate,    83.47%
2019,3,Alleghany County,On-Time Graduation Rate,4 yr rate,    93.65%
2019,4,Amelia County,On-Time Graduation Rate,4 yr rate,    97.20%
2019,5,Amherst County,On-Time Graduation Rate,4 yr rate,    86.16%
2019,6,Appomattox County,On-Time Graduation Rate,4 yr rate,    93.23%
2019,7,Arlington County,On-Time Graduation Rate,4 yr rate,    92.47%
2019,8,Augusta County,On-Time Graduation Rate,4 yr rate,    92.81%
2019,9,Bath County,On-Time Graduation Rate,4 yr rate,    87.50%
2019,10,Bedford County,On-Time Graduation Rate,4 yr rate,    90.77%
2019,11,Bland County,On-Time Graduation Rate,4 yr rate,    93.33%
2019,12,Botetourt County,On-Time Graduation Rate,4 yr rate,    95.32%
2019,102,Bristol City,On-Time Graduation Rate,4 yr rate,    84.04%
2019,13,Brunswick County,On-Time Graduation Rate,4 yr rate,    80.00%
2019,14,Buchanan County,On-Time Graduation Rate,4 yr rate,    86.94%
2019,15,Buckingham County,On-Time Graduation Rate,4 yr rate,    93.75%
2019,103,Buena Vista City,On-Time Graduation Rate,4 yr rate,    90.09%
2019,16,Campbell County,On-Time Graduation Rate,4 yr rate,    91.45%
2019,17,Caroline County,On-Time Graduation Rate,4 yr rate,    93.02%
2019,18,Carroll County,On-Time Graduation Rate,4 yr rate,    90.07%
2019,19,Charles City County,On-Time Graduation Rate,4 yr rate,   100.00%
2019,20,Charlotte County,On-Time Graduation Rate,4 yr rate,    89.71%
2019,104,Charlottesville City,On-Time Graduation Rate,4 yr rate,    95.73%
2019,136,Chesapeake City,On-Time Graduation Rate,4 yr rate,    93.79%
2019,21,Chesterfield County,On-Time Graduation Rate,4 yr rate,    90.70%
2019,22,Clarke County,On-Time Graduation Rate,4 yr rate,    98.33%
2019,202,Colonial Beach,On-Time Graduation Rate,4 yr rate,   100.00%
2019,106,Colonial Heights City,On-Time Graduation Rate,4 yr rate,    93.97%
2019,107,Covington City,On-Time Graduation Rate,4 yr rate,    88.37%
2019,23,Craig County,On-Time Graduation Rate,4 yr rate,    85.94%
2019,24,Culpeper County,On-Time Graduation Rate,4 yr rate,    88.89%
2019,25,Cumberland County,On-Time Graduation Rate,4 yr rate,    92.50%
2019,108,Danville City,On-Time Graduation Rate,4 yr rate,    81.65%
2019,26,Dickenson County,On-Time Graduation Rate,4 yr rate,    94.52%
2019,27,Dinwiddie County,On-Time Graduation Rate,4 yr rate,    85.85%
2019,28,Essex County,On-Time Graduation Rate,4 yr rate,    90.32%
2019,29,Fairfax County,On-Time Graduation Rate,4 yr rate,    91.28%
2019,109,Falls Church City,On-Time Graduation Rate,4 yr rate,    98.07%
2019,30,Fauquier County,On-Time Graduation Rate,4 yr rate,    94.20%
2019,31,Floyd County,On-Time Graduation Rate,4 yr rate,    98.73%
2019,32,Fluvanna County,On-Time Graduation Rate,4 yr rate,    93.80%
2019,135,Franklin City,On-Time Graduation Rate,4 yr rate,    96.10%
2019,33,Franklin County,On-Time Graduation Rate,4 yr rate,    90.59%
2019,34,Frederick County,On-Time Graduation Rate,4 yr rate,    92.77%
2019,110,Fredericksburg City,On-Time Graduation Rate,4 yr rate,    84.21%
2019,111,Galax City,On-Time Graduation Rate,4 yr rate,    89.11%
2019,35,Giles County,On-Time Graduation Rate,4 yr rate,    90.91%
2019,36,Gloucester County,On-Time Graduation Rate,4 yr rate,    92.71%
2019,37,Goochland County,On-Time Graduation Rate,4 yr rate,    96.49%
2019,38,Grayson County,On-Time Graduation Rate,4 yr rate,    98.18%
2019,39,Greene County,On-Time Graduation Rate,4 yr rate,    92.38%
2019,40,Greensville County,On-Time Graduation Rate,4 yr rate,    87.10%
2019,41,Halifax County,On-Time Graduation Rate,4 yr rate,    93.26%
2019,112,Hampton City,On-Time Graduation Rate,4 yr rate,    92.66%
2019,42,Hanover County,On-Time Graduation Rate,4 yr rate,    95.07%
2019,113,Harrisonburg City,On-Time Graduation Rate,4 yr rate,    88.60%
2019,43,Henrico County,On-Time Graduation Rate,4 yr rate,    90.77%
2019,44,Henry County,On-Time Graduation Rate,4 yr rate,    89.83%
2019,45,Highland County,On-Time Graduation Rate,4 yr rate,   100.00%
2019,114,Hopewell City,On-Time Graduation Rate,4 yr rate,    85.61%
2019,46,Isle of Wight County,On-Time Graduation Rate,4 yr rate,    92.76%
2019,48,King George County,On-Time Graduation Rate,4 yr rate,    94.10%
2019,50,King William County,On-Time Graduation Rate,4 yr rate,    94.80%
2019,49,King and Queen County,On-Time Graduation Rate,4 yr rate,    94.12%
2019,51,Lancaster County,On-Time Graduation Rate,4 yr rate,    83.84%
2019,52,Lee County,On-Time Graduation Rate,4 yr rate,    85.19%
2019,53,Loudoun County,On-Time Graduation Rate,4 yr rate,    94.68%
2019,54,Louisa County,On-Time Graduation Rate,4 yr rate,    91.43%
2019,55,Lunenburg County,On-Time Graduation Rate,4 yr rate,    90.91%
2019,115,Lynchburg City,On-Time Graduation Rate,4 yr rate,    84.12%
2019,56,Madison County,On-Time Graduation Rate,4 yr rate,    92.97%
2019,143,Manassas City,On-Time Graduation Rate,4 yr rate,    77.74%
2019,144,Manassas Park City,On-Time Graduation Rate,4 yr rate,    89.25%
2019,116,Martinsville City,On-Time Graduation Rate,4 yr rate,    90.00%
2019,57,Mathews County,On-Time Graduation Rate,4 yr rate,    90.43%
2019,58,Mecklenburg County,On-Time Graduation Rate,4 yr rate,    90.46%
2019,59,Middlesex County,On-Time Graduation Rate,4 yr rate,    96.88%
2019,60,Montgomery County,On-Time Graduation Rate,4 yr rate,    96.11%
2019,62,Nelson County,On-Time Graduation Rate,4 yr rate,    89.57%
2019,63,New Kent County,On-Time Graduation Rate,4 yr rate,    90.87%
2019,117,Newport News City,On-Time Graduation Rate,4 yr rate,    95.06%
2019,118,Norfolk City,On-Time Graduation Rate,4 yr rate,    82.88%
2019,65,Northampton County,On-Time Graduation Rate,4 yr rate,    90.00%
2019,66,Northumberland County,On-Time Graduation Rate,4 yr rate,    96.49%
2019,119,Norton City,On-Time Graduation Rate,4 yr rate,    90.91%
2019,67,Nottoway County,On-Time Graduation Rate,4 yr rate,    85.71%
2019,68,Orange County,On-Time Graduation Rate,4 yr rate,    93.82%
2019,69,Page County,On-Time Graduation Rate,4 yr rate,    96.81%
2019,70,Patrick County,On-Time Graduation Rate,4 yr rate,    95.60%
2019,120,Petersburg City,On-Time Graduation Rate,4 yr rate,    83.62%
2019,71,Pittsylvania County,On-Time Graduation Rate,4 yr rate,    90.87%
2019,142,Poquoson City,On-Time Graduation Rate,4 yr rate,    92.22%
2019,121,Portsmouth City,On-Time Graduation Rate,4 yr rate,    84.99%
2019,72,Powhatan County,On-Time Graduation Rate,4 yr rate,    93.37%
2019,73,Prince Edward County,On-Time Graduation Rate,4 yr rate,    85.55%
2019,74,Prince George County,On-Time Graduation Rate,4 yr rate,    92.20%
2019,75,Prince William County,On-Time Graduation Rate,4 yr rate,    92.40%
2019,77,Pulaski County,On-Time Graduation Rate,4 yr rate,    91.57%
2019,122,Radford City,On-Time Graduation Rate,4 yr rate,    96.21%
2019,78,Rappahannock County,On-Time Graduation Rate,4 yr rate,    94.81%
2019,123,Richmond City,On-Time Graduation Rate,4 yr rate,    70.78%
2019,79,Richmond County,On-Time Graduation Rate,4 yr rate,    96.91%
2019,124,Roanoke City,On-Time Graduation Rate,4 yr rate,    89.96%
2019,80,Roanoke County,On-Time Graduation Rate,4 yr rate,    94.85%
2019,81,Rockbridge County,On-Time Graduation Rate,4 yr rate,    90.66%
2019,82,Rockingham County,On-Time Graduation Rate,4 yr rate,    94.25%
2019,83,Russell County,On-Time Graduation Rate,4 yr rate,    92.41%
2019,139,Salem City,On-Time Graduation Rate,4 yr rate,    95.27%
2019,84,Scott County,On-Time Graduation Rate,4 yr rate,    93.97%
2019,85,Shenandoah County,On-Time Graduation Rate,4 yr rate,    95.16%
2019,86,Smyth County,On-Time Graduation Rate,4 yr rate,    95.28%
2019,87,Southampton County,On-Time Graduation Rate,4 yr rate,    90.41%
2019,88,Spotsylvania County,On-Time Graduation Rate,4 yr rate,    93.17%
2019,89,Stafford County,On-Time Graduation Rate,4 yr rate,    93.86%
2019,126,Staunton City,On-Time Graduation Rate,4 yr rate,    90.91%
2019,127,Suffolk City,On-Time Graduation Rate,4 yr rate,    90.49%
2019,90,Surry County,On-Time Graduation Rate,4 yr rate,    93.75%
2019,91,Sussex County,On-Time Graduation Rate,4 yr rate,    82.05%
2019,92,Tazewell County,On-Time Graduation Rate,4 yr rate,    92.17%
2019,128,Virginia Beach City,On-Time Graduation Rate,4 yr rate,    93.87%
2019,93,Warren County,On-Time Graduation Rate,4 yr rate,    94.55%
2019,94,Washington County,On-Time Graduation Rate,4 yr rate,    93.65%
2019,130,Waynesboro City,On-Time Graduation Rate,4 yr rate,    88.44%
2019,207,West Point,On-Time Graduation Rate,4 yr rate,    96.92%
2019,95,Westmoreland County,On-Time Graduation Rate,4 yr rate,    92.80%
2019,131,Williamsburg-James City County,On-Time Graduation Rate,4 yr rate,    92.70%
2019,132,Winchester City,On-Time Graduation Rate,4 yr rate,    89.49%
2019,96,Wise County,On-Time Graduation Rate,4 yr rate,    98.54%
2019,97,Wythe County,On-Time Graduation Rate,4 yr rate,    96.10%
2019,98,York County,On-Time Graduation Rate,4 yr rate,    97.02%
2020,1,Accomack County,On-Time Graduation Rate,4 yr rate,    89.09%
2020,2,Albemarle County,On-Time Graduation Rate,4 yr rate,    93.55%
2020,101,Alexandria City,On-Time Graduation Rate,4 yr rate,    82.07%
2020,3,Alleghany County,On-Time Graduation Rate,4 yr rate,    97.37%
2020,4,Amelia County,On-Time Graduation Rate,4 yr rate,    97.83%
2020,5,Amherst County,On-Time Graduation Rate,4 yr rate,    95.22%
2020,6,Appomattox County,On-Time Graduation Rate,4 yr rate,    91.36%
2020,7,Arlington County,On-Time Graduation Rate,4 yr rate,    93.34%
2020,8,Augusta County,On-Time Graduation Rate,4 yr rate,    93.90%
2020,9,Bath County,On-Time Graduation Rate,4 yr rate,    93.55%
2020,10,Bedford County,On-Time Graduation Rate,4 yr rate,    92.08%
2020,11,Bland County,On-Time Graduation Rate,4 yr rate,    95.74%
2020,12,Botetourt County,On-Time Graduation Rate,4 yr rate,    95.71%
2020,102,Bristol City,On-Time Graduation Rate,4 yr rate,    94.22%
2020,13,Brunswick County,On-Time Graduation Rate,4 yr rate,    94.16%
2020,14,Buchanan County,On-Time Graduation Rate,4 yr rate,    88.24%
2020,15,Buckingham County,On-Time Graduation Rate,4 yr rate,    95.30%
2020,103,Buena Vista City,On-Time Graduation Rate,4 yr rate,    83.58%
2020,16,Campbell County,On-Time Graduation Rate,4 yr rate,    94.28%
2020,17,Caroline County,On-Time Graduation Rate,4 yr rate,    89.47%
2020,18,Carroll County,On-Time Graduation Rate,4 yr rate,    94.49%
2020,19,Charles City County,On-Time Graduation Rate,4 yr rate,    92.16%
2020,20,Charlotte County,On-Time Graduation Rate,4 yr rate,    90.77%
2020,104,Charlottesville City,On-Time Graduation Rate,4 yr rate,    94.52%
2020,136,Chesapeake City,On-Time Graduation Rate,4 yr rate,    93.99%
2020,21,Chesterfield County,On-Time Graduation Rate,4 yr rate,    91.95%
2020,22,Clarke County,On-Time Graduation Rate,4 yr rate,    97.62%
2020,202,Colonial Beach,On-Time Graduation Rate,4 yr rate,    97.30%
2020,106,Colonial Heights City,On-Time Graduation Rate,4 yr rate,    86.75%
2020,107,Covington City,On-Time Graduation Rate,4 yr rate,    86.76%
2020,23,Craig County,On-Time Graduation Rate,4 yr rate,    89.83%
2020,24,Culpeper County,On-Time Graduation Rate,4 yr rate,    90.94%
2020,25,Cumberland County,On-Time Graduation Rate,4 yr rate,    93.52%
2020,108,Danville City,On-Time Graduation Rate,4 yr rate,    81.17%
2020,26,Dickenson County,On-Time Graduation Rate,4 yr rate,    95.17%
2020,27,Dinwiddie County,On-Time Graduation Rate,4 yr rate,    90.88%
2020,28,Essex County,On-Time Graduation Rate,4 yr rate,    95.83%
2020,29,Fairfax County,On-Time Graduation Rate,4 yr rate,    93.03%
2020,109,Falls Church City,On-Time Graduation Rate,4 yr rate,    95.34%
2020,30,Fauquier County,On-Time Graduation Rate,4 yr rate,    95.42%
2020,31,Floyd County,On-Time Graduation Rate,4 yr rate,    98.03%
2020,32,Fluvanna County,On-Time Graduation Rate,4 yr rate,    95.56%
2020,135,Franklin City,On-Time Graduation Rate,4 yr rate,    90.00%
2020,33,Franklin County,On-Time Graduation Rate,4 yr rate,    92.97%
2020,34,Frederick County,On-Time Graduation Rate,4 yr rate,    93.30%
2020,110,Fredericksburg City,On-Time Graduation Rate,4 yr rate,    83.28%
2020,111,Galax City,On-Time Graduation Rate,4 yr rate,    90.63%
2020,35,Giles County,On-Time Graduation Rate,4 yr rate,    90.76%
2020,36,Gloucester County,On-Time Graduation Rate,4 yr rate,    92.69%
2020,37,Goochland County,On-Time Graduation Rate,4 yr rate,    98.11%
2020,38,Grayson County,On-Time Graduation Rate,4 yr rate,    99.14%
2020,39,Greene County,On-Time Graduation Rate,4 yr rate,    94.35%
2020,40,Greensville County,On-Time Graduation Rate,4 yr rate,    94.38%
2020,41,Halifax County,On-Time Graduation Rate,4 yr rate,    93.02%
2020,112,Hampton City,On-Time Graduation Rate,4 yr rate,    96.09%
2020,42,Hanover County,On-Time Graduation Rate,4 yr rate,    95.95%
2020,113,Harrisonburg City,On-Time Graduation Rate,4 yr rate,    88.08%
2020,43,Henrico County,On-Time Graduation Rate,4 yr rate,    90.92%
2020,44,Henry County,On-Time Graduation Rate,4 yr rate,    90.49%
2020,45,Highland County,On-Time Graduation Rate,4 yr rate,   100.00%
2020,114,Hopewell City,On-Time Graduation Rate,4 yr rate,    80.00%
2020,46,Isle of Wight County,On-Time Graduation Rate,4 yr rate,    92.53%
2020,48,King George County,On-Time Graduation Rate,4 yr rate,    95.78%
2020,50,King William County,On-Time Graduation Rate,4 yr rate,    90.50%
2020,49,King and Queen County,On-Time Graduation Rate,4 yr rate,    93.18%
2020,51,Lancaster County,On-Time Graduation Rate,4 yr rate,    91.40%
2020,52,Lee County,On-Time Graduation Rate,4 yr rate,    87.70%
2020,137,Lexington City,On-Time Graduation Rate,4 yr rate,<
2020,53,Loudoun County,On-Time Graduation Rate,4 yr rate,    96.86%
2020,54,Louisa County,On-Time Graduation Rate,4 yr rate,    93.72%
2020,55,Lunenburg County,On-Time Graduation Rate,4 yr rate,    86.41%
2020,115,Lynchburg City,On-Time Graduation Rate,4 yr rate,    85.00%
2020,56,Madison County,On-Time Graduation Rate,4 yr rate,    94.70%
2020,143,Manassas City,On-Time Graduation Rate,4 yr rate,    77.53%
2020,144,Manassas Park City,On-Time Graduation Rate,4 yr rate,    84.84%
2020,116,Martinsville City,On-Time Graduation Rate,4 yr rate,    94.62%
2020,57,Mathews County,On-Time Graduation Rate,4 yr rate,    94.50%
2020,58,Mecklenburg County,On-Time Graduation Rate,4 yr rate,    91.80%
2020,59,Middlesex County,On-Time Graduation Rate,4 yr rate,    92.47%
2020,60,Montgomery County,On-Time Graduation Rate,4 yr rate,    94.31%
2020,62,Nelson County,On-Time Graduation Rate,4 yr rate,    88.36%
2020,63,New Kent County,On-Time Graduation Rate,4 yr rate,    93.10%
2020,117,Newport News City,On-Time Graduation Rate,4 yr rate,    94.52%
2020,118,Norfolk City,On-Time Graduation Rate,4 yr rate,    87.05%
2020,65,Northampton County,On-Time Graduation Rate,4 yr rate,    89.52%
2020,66,Northumberland County,On-Time Graduation Rate,4 yr rate,    97.25%
2020,119,Norton City,On-Time Graduation Rate,4 yr rate,   100.00%
2020,67,Nottoway County,On-Time Graduation Rate,4 yr rate,    90.00%
2020,68,Orange County,On-Time Graduation Rate,4 yr rate,    95.02%
2020,69,Page County,On-Time Graduation Rate,4 yr rate,    98.86%
2020,70,Patrick County,On-Time Graduation Rate,4 yr rate,    92.76%
2020,120,Petersburg City,On-Time Graduation Rate,4 yr rate,    86.55%
2020,71,Pittsylvania County,On-Time Graduation Rate,4 yr rate,    89.27%
2020,142,Poquoson City,On-Time Graduation Rate,4 yr rate,    94.97%
2020,121,Portsmouth City,On-Time Graduation Rate,4 yr rate,    89.75%
2020,72,Powhatan County,On-Time Graduation Rate,4 yr rate,    95.40%
2020,73,Prince Edward County,On-Time Graduation Rate,4 yr rate,    85.90%
2020,74,Prince George County,On-Time Graduation Rate,4 yr rate,    93.22%
2020,75,Prince William County,On-Time Graduation Rate,4 yr rate,    93.06%
2020,77,Pulaski County,On-Time Graduation Rate,4 yr rate,    94.27%
2020,122,Radford City,On-Time Graduation Rate,4 yr rate,    96.97%
2020,78,Rappahannock County,On-Time Graduation Rate,4 yr rate,    96.49%
2020,123,Richmond City,On-Time Graduation Rate,4 yr rate,    71.50%
2020,79,Richmond County,On-Time Graduation Rate,4 yr rate,   100.00%
2020,124,Roanoke City,On-Time Graduation Rate,4 yr rate,    87.88%
2020,80,Roanoke County,On-Time Graduation Rate,4 yr rate,    95.00%
2020,81,Rockbridge County,On-Time Graduation Rate,4 yr rate,    89.91%
2020,82,Rockingham County,On-Time Graduation Rate,4 yr rate,    94.42%
2020,83,Russell County,On-Time Graduation Rate,4 yr rate,    93.44%
2020,139,Salem City,On-Time Graduation Rate,4 yr rate,    94.12%
2020,84,Scott County,On-Time Graduation Rate,4 yr rate,    95.97%
2020,85,Shenandoah County,On-Time Graduation Rate,4 yr rate,    97.89%
2020,86,Smyth County,On-Time Graduation Rate,4 yr rate,    95.99%
2020,87,Southampton County,On-Time Graduation Rate,4 yr rate,    93.37%
2020,88,Spotsylvania County,On-Time Graduation Rate,4 yr rate,    91.02%
2020,89,Stafford County,On-Time Graduation Rate,4 yr rate,    94.90%
2020,126,Staunton City,On-Time Graduation Rate,4 yr rate,    91.83%
2020,127,Suffolk City,On-Time Graduation Rate,4 yr rate,    87.44%
2020,90,Surry County,On-Time Graduation Rate,4 yr rate,    94.92%
2020,91,Sussex County,On-Time Graduation Rate,4 yr rate,    88.37%
2020,92,Tazewell County,On-Time Graduation Rate,4 yr rate,    94.16%
2020,128,Virginia Beach City,On-Time Graduation Rate,4 yr rate,    94.19%
2020,93,Warren County,On-Time Graduation Rate,4 yr rate,    97.42%
2020,94,Washington County,On-Time Graduation Rate,4 yr rate,    96.39%
2020,130,Waynesboro City,On-Time Graduation Rate,4 yr rate,    85.85%
2020,207,West Point,On-Time Graduation Rate,4 yr rate,    97.30%
2020,95,Westmoreland County,On-Time Graduation Rate,4 yr rate,    97.35%
2020,131,Williamsburg-James City County,On-Time Graduation Rate,4 yr rate,    91.46%
2020,132,Winchester City,On-Time Graduation Rate,4 yr rate,    89.18%
2020,96,Wise County,On-Time Graduation Rate,4 yr rate,    97.72%
2020,97,Wythe County,On-Time Graduation Rate,4 yr rate,    93.62%
2020,98,York County,On-Time Graduation Rate,4 yr rate,    96.88%
2021,1,Accomack County,On-Time Graduation Rate,4 yr rate,    88.92%
2021,2,Albemarle County,On-Time Graduation Rate,4 yr rate,    96.40%
2021,101,Alexandria City,On-Time Graduation Rate,4 yr rate,    90.83%
2021,3,Alleghany County,On-Time Graduation Rate,4 yr rate,    90.48%
2021,4,Amelia County,On-Time Graduation Rate,4 yr rate,    92.73%
2021,5,Amherst County,On-Time Graduation Rate,4 yr rate,    94.37%
2021,6,Appomattox County,On-Time Graduation Rate,4 yr rate,    97.09%
2021,7,Arlington County,On-Time Graduation Rate,4 yr rate,    94.44%
2021,8,Augusta County,On-Time Graduation Rate,4 yr rate,    94.03%
2021,9,Bath County,On-Time Graduation Rate,4 yr rate,    92.31%
2021,10,Bedford County,On-Time Graduation Rate,4 yr rate,    92.35%
2021,11,Bland County,On-Time Graduation Rate,4 yr rate,    98.48%
2021,12,Botetourt County,On-Time Graduation Rate,4 yr rate,    95.65%
2021,102,Bristol City,On-Time Graduation Rate,4 yr rate,    86.09%
2021,13,Brunswick County,On-Time Graduation Rate,4 yr rate,    91.53%
2021,14,Buchanan County,On-Time Graduation Rate,4 yr rate,    91.28%
2021,15,Buckingham County,On-Time Graduation Rate,4 yr rate,    89.86%
2021,103,Buena Vista City,On-Time Graduation Rate,4 yr rate,    94.87%
2021,16,Campbell County,On-Time Graduation Rate,4 yr rate,    94.44%
2021,17,Caroline County,On-Time Graduation Rate,4 yr rate,    92.04%
2021,18,Carroll County,On-Time Graduation Rate,4 yr rate,    95.80%
2021,19,Charles City County,On-Time Graduation Rate,4 yr rate,    88.00%
2021,20,Charlotte County,On-Time Graduation Rate,4 yr rate,    92.42%
2021,104,Charlottesville City,On-Time Graduation Rate,4 yr rate,    96.42%
2021,136,Chesapeake City,On-Time Graduation Rate,4 yr rate,    93.74%
2021,21,Chesterfield County,On-Time Graduation Rate,4 yr rate,    92.36%
2021,22,Clarke County,On-Time Graduation Rate,4 yr rate,    98.75%
2021,202,Colonial Beach,On-Time Graduation Rate,4 yr rate,    94.74%
2021,106,Colonial Heights City,On-Time Graduation Rate,4 yr rate,    92.27%
2021,107,Covington City,On-Time Graduation Rate,4 yr rate,    87.32%
2021,23,Craig County,On-Time Graduation Rate,4 yr rate,    81.40%
2021,24,Culpeper County,On-Time Graduation Rate,4 yr rate,    90.87%
2021,25,Cumberland County,On-Time Graduation Rate,4 yr rate,    91.58%
2021,108,Danville City,On-Time Graduation Rate,4 yr rate,    79.14%
2021,26,Dickenson County,On-Time Graduation Rate,4 yr rate,    90.07%
2021,27,Dinwiddie County,On-Time Graduation Rate,4 yr rate,    92.43%
2021,28,Essex County,On-Time Graduation Rate,4 yr rate,    95.37%
2021,29,Fairfax County,On-Time Graduation Rate,4 yr rate,    94.62%
2021,109,Falls Church City,On-Time Graduation Rate,4 yr rate,    98.53%
2021,30,Fauquier County,On-Time Graduation Rate,4 yr rate,    96.11%
2021,31,Floyd County,On-Time Graduation Rate,4 yr rate,    97.95%
2021,32,Fluvanna County,On-Time Graduation Rate,4 yr rate,    95.32%
2021,135,Franklin City,On-Time Graduation Rate,4 yr rate,    89.77%
2021,33,Franklin County,On-Time Graduation Rate,4 yr rate,    92.89%
2021,34,Frederick County,On-Time Graduation Rate,4 yr rate,    93.68%
2021,110,Fredericksburg City,On-Time Graduation Rate,4 yr rate,    85.04%
2021,111,Galax City,On-Time Graduation Rate,4 yr rate,    87.34%
2021,35,Giles County,On-Time Graduation Rate,4 yr rate,    94.06%
2021,36,Gloucester County,On-Time Graduation Rate,4 yr rate,    93.26%
2021,37,Goochland County,On-Time Graduation Rate,4 yr rate,    97.20%
2021,38,Grayson County,On-Time Graduation Rate,4 yr rate,    99.23%
2021,39,Greene County,On-Time Graduation Rate,4 yr rate,    93.48%
2021,40,Greensville County,On-Time Graduation Rate,4 yr rate,    91.06%
2021,41,Halifax County,On-Time Graduation Rate,4 yr rate,    89.61%
2021,112,Hampton City,On-Time Graduation Rate,4 yr rate,    96.86%
2021,42,Hanover County,On-Time Graduation Rate,4 yr rate,    95.38%
2021,113,Harrisonburg City,On-Time Graduation Rate,4 yr rate,    88.44%
2021,43,Henrico County,On-Time Graduation Rate,4 yr rate,    90.54%
2021,44,Henry County,On-Time Graduation Rate,4 yr rate,    91.18%
2021,45,Highland County,On-Time Graduation Rate,4 yr rate,    86.36%
2021,114,Hopewell City,On-Time Graduation Rate,4 yr rate,    84.89%
2021,46,Isle of Wight County,On-Time Graduation Rate,4 yr rate,    95.46%
2021,48,King George County,On-Time Graduation Rate,4 yr rate,    92.62%
2021,50,King William County,On-Time Graduation Rate,4 yr rate,    90.37%
2021,49,King and Queen County,On-Time Graduation Rate,4 yr rate,    90.63%
2021,51,Lancaster County,On-Time Graduation Rate,4 yr rate,    89.36%
2021,52,Lee County,On-Time Graduation Rate,4 yr rate,    88.16%
2021,53,Loudoun County,On-Time Graduation Rate,4 yr rate,    97.61%
2021,54,Louisa County,On-Time Graduation Rate,4 yr rate,    93.52%
2021,55,Lunenburg County,On-Time Graduation Rate,4 yr rate,    91.51%
2021,115,Lynchburg City,On-Time Graduation Rate,4 yr rate,    85.76%
2021,56,Madison County,On-Time Graduation Rate,4 yr rate,    97.39%
2021,143,Manassas City,On-Time Graduation Rate,4 yr rate,    81.60%
2021,144,Manassas Park City,On-Time Graduation Rate,4 yr rate,    89.81%
2021,116,Martinsville City,On-Time Graduation Rate,4 yr rate,    94.56%
2021,57,Mathews County,On-Time Graduation Rate,4 yr rate,    88.06%
2021,58,Mecklenburg County,On-Time Graduation Rate,4 yr rate,    91.82%
2021,59,Middlesex County,On-Time Graduation Rate,4 yr rate,    92.00%
2021,60,Montgomery County,On-Time Graduation Rate,4 yr rate,    95.15%
2021,62,Nelson County,On-Time Graduation Rate,4 yr rate,    92.41%
2021,63,New Kent County,On-Time Graduation Rate,4 yr rate,    94.76%
2021,117,Newport News City,On-Time Graduation Rate,4 yr rate,    94.66%
2021,118,Norfolk City,On-Time Graduation Rate,4 yr rate,    85.72%
2021,65,Northampton County,On-Time Graduation Rate,4 yr rate,    89.62%
2021,66,Northumberland County,On-Time Graduation Rate,4 yr rate,    96.43%
2021,119,Norton City,On-Time Graduation Rate,4 yr rate,    96.83%
2021,67,Nottoway County,On-Time Graduation Rate,4 yr rate,    84.62%
2021,68,Orange County,On-Time Graduation Rate,4 yr rate,    90.58%
2021,69,Page County,On-Time Graduation Rate,4 yr rate,    96.70%
2021,70,Patrick County,On-Time Graduation Rate,4 yr rate,    96.77%
2021,120,Petersburg City,On-Time Graduation Rate,4 yr rate,    86.64%
2021,71,Pittsylvania County,On-Time Graduation Rate,4 yr rate,    92.09%
2021,142,Poquoson City,On-Time Graduation Rate,4 yr rate,    96.13%
2021,121,Portsmouth City,On-Time Graduation Rate,4 yr rate,    84.20%
2021,72,Powhatan County,On-Time Graduation Rate,4 yr rate,    92.29%
2021,73,Prince Edward County,On-Time Graduation Rate,4 yr rate,    74.17%
2021,74,Prince George County,On-Time Graduation Rate,4 yr rate,    91.08%
2021,75,Prince William County,On-Time Graduation Rate,4 yr rate,    92.83%
2021,77,Pulaski County,On-Time Graduation Rate,4 yr rate,    95.44%
2021,122,Radford City,On-Time Graduation Rate,4 yr rate,    96.75%
2021,78,Rappahannock County,On-Time Graduation Rate,4 yr rate,    91.23%
2021,123,Richmond City,On-Time Graduation Rate,4 yr rate,    78.50%
2021,79,Richmond County,On-Time Graduation Rate,4 yr rate,    97.59%
2021,124,Roanoke City,On-Time Graduation Rate,4 yr rate,    89.26%
2021,80,Roanoke County,On-Time Graduation Rate,4 yr rate,    95.28%
2021,81,Rockbridge County,On-Time Graduation Rate,4 yr rate,    88.33%
2021,82,Rockingham County,On-Time Graduation Rate,4 yr rate,    92.98%
2021,83,Russell County,On-Time Graduation Rate,4 yr rate,    90.29%
2021,139,Salem City,On-Time Graduation Rate,4 yr rate,    96.25%
2021,84,Scott County,On-Time Graduation Rate,4 yr rate,    93.65%
2021,85,Shenandoah County,On-Time Graduation Rate,4 yr rate,    97.92%
2021,86,Smyth County,On-Time Graduation Rate,4 yr rate,    96.66%
2021,87,Southampton County,On-Time Graduation Rate,4 yr rate,    93.46%
2021,88,Spotsylvania County,On-Time Graduation Rate,4 yr rate,    90.25%
2021,89,Stafford County,On-Time Graduation Rate,4 yr rate,    94.69%
2021,126,Staunton City,On-Time Graduation Rate,4 yr rate,    85.63%
2021,127,Suffolk City,On-Time Graduation Rate,4 yr rate,    86.12%
2021,90,Surry County,On-Time Graduation Rate,4 yr rate,    95.74%
2021,91,Sussex County,On-Time Graduation Rate,4 yr rate,    84.21%
2021,92,Tazewell County,On-Time Graduation Rate,4 yr rate,    92.25%
2021,128,Virginia Beach City,On-Time Graduation Rate,4 yr rate,    94.84%
2021,93,Warren County,On-Time Graduation Rate,4 yr rate,    95.94%
2021,94,Washington County,On-Time Graduation Rate,4 yr rate,    93.60%
2021,130,Waynesboro City,On-Time Graduation Rate,4 yr rate,    91.07%
2021,207,West Point,On-Time Graduation Rate,4 yr rate,    98.36%
2021,95,Westmoreland County,On-Time Graduation Rate,4 yr rate,    94.21%
2021,131,Williamsburg-James City County,On-Time Graduation Rate,4 yr rate,    94.12%
2021,132,Winchester City,On-Time Graduation Rate,4 yr rate,    91.12%
2021,96,Wise County,On-Time Graduation Rate,4 yr rate,    98.40%
2021,97,Wythe County,On-Time Graduation Rate,4 yr rate,    93.71%
2021,98,York County,On-Time Graduation Rate,4 yr rate,    97.62%
2022,1,Accomack County,On-Time Graduation Rate,4 yr rate,    84.37%
2022,2,Albemarle County,On-Time Graduation Rate,4 yr rate,    94.30%
2022,101,Alexandria City,On-Time Graduation Rate,4 yr rate,    83.28%
2022,3,Alleghany County,On-Time Graduation Rate,4 yr rate,    87.58%
2022,4,Amelia County,On-Time Graduation Rate,4 yr rate,    97.39%
2022,5,Amherst County,On-Time Graduation Rate,4 yr rate,    93.31%
2022,6,Appomattox County,On-Time Graduation Rate,4 yr rate,    91.15%
2022,7,Arlington County,On-Time Graduation Rate,4 yr rate,    93.42%
2022,8,Augusta County,On-Time Graduation Rate,4 yr rate,    93.88%
2022,9,Bath County,On-Time Graduation Rate,4 yr rate,    97.30%
2022,10,Bedford County,On-Time Graduation Rate,4 yr rate,    93.33%
2022,11,Bland County,On-Time Graduation Rate,4 yr rate,    98.08%
2022,12,Botetourt County,On-Time Graduation Rate,4 yr rate,    94.71%
2022,102,Bristol City,On-Time Graduation Rate,4 yr rate,    88.62%
2022,13,Brunswick County,On-Time Graduation Rate,4 yr rate,    89.26%
2022,14,Buchanan County,On-Time Graduation Rate,4 yr rate,    91.22%
2022,15,Buckingham County,On-Time Graduation Rate,4 yr rate,    91.91%
2022,103,Buena Vista City,On-Time Graduation Rate,4 yr rate,    88.31%
2022,16,Campbell County,On-Time Graduation Rate,4 yr rate,    92.75%
2022,17,Caroline County,On-Time Graduation Rate,4 yr rate,    87.59%
2022,18,Carroll County,On-Time Graduation Rate,4 yr rate,    93.28%
2022,19,Charles City County,On-Time Graduation Rate,4 yr rate,    93.94%
2022,20,Charlotte County,On-Time Graduation Rate,4 yr rate,    91.98%
2022,104,Charlottesville City,On-Time Graduation Rate,4 yr rate,    92.95%
2022,136,Chesapeake City,On-Time Graduation Rate,4 yr rate,    93.51%
2022,21,Chesterfield County,On-Time Graduation Rate,4 yr rate,    91.50%
2022,22,Clarke County,On-Time Graduation Rate,4 yr rate,    97.60%
2022,202,Colonial Beach,On-Time Graduation Rate,4 yr rate,    88.24%
2022,106,Colonial Heights City,On-Time Graduation Rate,4 yr rate,    88.15%
2022,107,Covington City,On-Time Graduation Rate,4 yr rate,    87.93%
2022,23,Craig County,On-Time Graduation Rate,4 yr rate,    80.00%
2022,24,Culpeper County,On-Time Graduation Rate,4 yr rate,    84.43%
2022,25,Cumberland County,On-Time Graduation Rate,4 yr rate,    91.25%
2022,108,Danville City,On-Time Graduation Rate,4 yr rate,    76.50%
2022,26,Dickenson County,On-Time Graduation Rate,4 yr rate,    90.41%
2022,27,Dinwiddie County,On-Time Graduation Rate,4 yr rate,    89.58%
2022,28,Essex County,On-Time Graduation Rate,4 yr rate,    93.64%
2022,29,Fairfax County,On-Time Graduation Rate,4 yr rate,    94.04%
2022,109,Falls Church City,On-Time Graduation Rate,4 yr rate,    98.65%
2022,30,Fauquier County,On-Time Graduation Rate,4 yr rate,    94.81%
2022,31,Floyd County,On-Time Graduation Rate,4 yr rate,    96.89%
2022,32,Fluvanna County,On-Time Graduation Rate,4 yr rate,    94.43%
2022,135,Franklin City,On-Time Graduation Rate,4 yr rate,    84.81%
2022,33,Franklin County,On-Time Graduation Rate,4 yr rate,    88.09%
2022,34,Frederick County,On-Time Graduation Rate,4 yr rate,    94.63%
2022,110,Fredericksburg City,On-Time Graduation Rate,4 yr rate,    84.89%
2022,111,Galax City,On-Time Graduation Rate,4 yr rate,    87.95%
2022,35,Giles County,On-Time Graduation Rate,4 yr rate,    89.83%
2022,36,Gloucester County,On-Time Graduation Rate,4 yr rate,    90.26%
2022,37,Goochland County,On-Time Graduation Rate,4 yr rate,    96.04%
2022,38,Grayson County,On-Time Graduation Rate,4 yr rate,   100.00%
2022,39,Greene County,On-Time Graduation Rate,4 yr rate,    94.74%
2022,40,Greensville County,On-Time Graduation Rate,4 yr rate,    79.11%
2022,41,Halifax County,On-Time Graduation Rate,4 yr rate,    83.43%
2022,112,Hampton City,On-Time Graduation Rate,4 yr rate,    97.64%
2022,42,Hanover County,On-Time Graduation Rate,4 yr rate,    95.16%
2022,113,Harrisonburg City,On-Time Graduation Rate,4 yr rate,    87.60%
2022,43,Henrico County,On-Time Graduation Rate,4 yr rate,    90.02%
2022,44,Henry County,On-Time Graduation Rate,4 yr rate,    86.96%
2022,45,Highland County,On-Time Graduation Rate,4 yr rate,    94.12%
2022,114,Hopewell City,On-Time Graduation Rate,4 yr rate,    89.85%
2022,46,Isle of Wight County,On-Time Graduation Rate,4 yr rate,    93.01%
2022,48,King George County,On-Time Graduation Rate,4 yr rate,    93.08%
2022,50,King William County,On-Time Graduation Rate,4 yr rate,    93.45%
2022,49,King and Queen County,On-Time Graduation Rate,4 yr rate,    91.11%
2022,51,Lancaster County,On-Time Graduation Rate,4 yr rate,    89.25%
2022,52,Lee County,On-Time Graduation Rate,4 yr rate,    86.96%
2022,137,Lexington City,On-Time Graduation Rate,4 yr rate,<
2022,53,Loudoun County,On-Time Graduation Rate,4 yr rate,    97.23%
2022,54,Louisa County,On-Time Graduation Rate,4 yr rate,    95.11%
2022,55,Lunenburg County,On-Time Graduation Rate,4 yr rate,    91.27%
2022,115,Lynchburg City,On-Time Graduation Rate,4 yr rate,    80.10%
2022,56,Madison County,On-Time Graduation Rate,4 yr rate,    93.33%
2022,143,Manassas City,On-Time Graduation Rate,4 yr rate,    82.44%
2022,144,Manassas Park City,On-Time Graduation Rate,4 yr rate,    88.89%
2022,116,Martinsville City,On-Time Graduation Rate,4 yr rate,    83.92%
2022,57,Mathews County,On-Time Graduation Rate,4 yr rate,    91.43%
2022,58,Mecklenburg County,On-Time Graduation Rate,4 yr rate,    89.03%
2022,59,Middlesex County,On-Time Graduation Rate,4 yr rate,   100.00%
2022,60,Montgomery County,On-Time Graduation Rate,4 yr rate,    95.42%
2022,62,Nelson County,On-Time Graduation Rate,4 yr rate,    91.55%
2022,63,New Kent County,On-Time Graduation Rate,4 yr rate,    93.85%
2022,117,Newport News City,On-Time Graduation Rate,4 yr rate,    95.76%
2022,118,Norfolk City,On-Time Graduation Rate,4 yr rate,    84.79%
2022,65,Northampton County,On-Time Graduation Rate,4 yr rate,    87.50%
2022,66,Northumberland County,On-Time Graduation Rate,4 yr rate,    96.04%
2022,119,Norton City,On-Time Graduation Rate,4 yr rate,    96.34%
2022,67,Nottoway County,On-Time Graduation Rate,4 yr rate,    83.11%
2022,68,Orange County,On-Time Graduation Rate,4 yr rate,    87.74%
2022,69,Page County,On-Time Graduation Rate,4 yr rate,    98.94%
2022,70,Patrick County,On-Time Graduation Rate,4 yr rate,    94.19%
2022,120,Petersburg City,On-Time Graduation Rate,4 yr rate,    85.65%
2022,71,Pittsylvania County,On-Time Graduation Rate,4 yr rate,    90.16%
2022,142,Poquoson City,On-Time Graduation Rate,4 yr rate,    92.49%
2022,121,Portsmouth City,On-Time Graduation Rate,4 yr rate,    84.48%
2022,72,Powhatan County,On-Time Graduation Rate,4 yr rate,    94.49%
2022,73,Prince Edward County,On-Time Graduation Rate,4 yr rate,    82.89%
2022,74,Prince George County,On-Time Graduation Rate,4 yr rate,    89.35%
2022,75,Prince William County,On-Time Graduation Rate,4 yr rate,    91.77%
2022,77,Pulaski County,On-Time Graduation Rate,4 yr rate,    92.56%
2022,122,Radford City,On-Time Graduation Rate,4 yr rate,    96.31%
2022,78,Rappahannock County,On-Time Graduation Rate,4 yr rate,    89.19%
2022,123,Richmond City,On-Time Graduation Rate,4 yr rate,    74.23%
2022,79,Richmond County,On-Time Graduation Rate,4 yr rate,    97.09%
2022,124,Roanoke City,On-Time Graduation Rate,4 yr rate,    87.01%
2022,80,Roanoke County,On-Time Graduation Rate,4 yr rate,    94.67%
2022,81,Rockbridge County,On-Time Graduation Rate,4 yr rate,    85.77%
2022,82,Rockingham County,On-Time Graduation Rate,4 yr rate,    94.47%
2022,83,Russell County,On-Time Graduation Rate,4 yr rate,    89.02%
2022,139,Salem City,On-Time Graduation Rate,4 yr rate,    94.29%
2022,84,Scott County,On-Time Graduation Rate,4 yr rate,    89.38%
2022,85,Shenandoah County,On-Time Graduation Rate,4 yr rate,    97.67%
2022,86,Smyth County,On-Time Graduation Rate,4 yr rate,    95.58%
2022,87,Southampton County,On-Time Graduation Rate,4 yr rate,    88.72%
2022,88,Spotsylvania County,On-Time Graduation Rate,4 yr rate,    90.50%
2022,89,Stafford County,On-Time Graduation Rate,4 yr rate,    94.66%
2022,126,Staunton City,On-Time Graduation Rate,4 yr rate,    90.05%
2022,127,Suffolk City,On-Time Graduation Rate,4 yr rate,    84.74%
2022,90,Surry County,On-Time Graduation Rate,4 yr rate,    96.15%
2022,91,Sussex County,On-Time Graduation Rate,4 yr rate,    85.54%
2022,92,Tazewell County,On-Time Graduation Rate,4 yr rate,    93.22%
2022,128,Virginia Beach City,On-Time Graduation Rate,4 yr rate,    94.98%
2022,93,Warren County,On-Time Graduation Rate,4 yr rate,    92.68%
2022,94,Washington County,On-Time Graduation Rate,4 yr rate,    93.36%
2022,130,Waynesboro City,On-Time Graduation Rate,4 yr rate,    88.53%
2022,207,West Point,On-Time Graduation Rate,4 yr rate,    93.42%
2022,95,Westmoreland County,On-Time Graduation Rate,4 yr rate,    96.69%
2022,131,Williamsburg-James City County,On-Time Graduation Rate,4 yr rate,    94.06%
2022,132,Winchester City,On-Time Graduation Rate,4 yr rate,    87.12%
2022,96,Wise County,On-Time Graduation Rate,4 yr rate,    96.41%
2022,97,Wythe County,On-Time Graduation Rate,4 yr rate,    93.24%
2022,98,York County,On-Time Graduation Rate,4 yr rate,    97.54%
2023,1,Accomack County,On-Time Graduation Rate,4 yr rate,    87.77%
2023,2,Albemarle County,On-Time Graduation Rate,4 yr rate,    93.98%
2023,101,Alexandria City,On-Time Graduation Rate,4 yr rate,    83.13%
2023,3,Alleghany Highlands,On-Time Graduation Rate,4 yr rate,    89.29%
2023,4,Amelia County,On-Time Graduation Rate,4 yr rate,    91.27%
2023,5,Amherst County,On-Time Graduation Rate,4 yr rate,    95.99%
2023,6,Appomattox County,On-Time Graduation Rate,4 yr rate,    90.68%
2023,7,Arlington County,On-Time Graduation Rate,4 yr rate,    93.52%
2023,8,Augusta County,On-Time Graduation Rate,4 yr rate,    93.95%
2023,9,Bath County,On-Time Graduation Rate,4 yr rate,    97.37%
2023,10,Bedford County,On-Time Graduation Rate,4 yr rate,    82.54%
2023,11,Bland County,On-Time Graduation Rate,4 yr rate,    98.46%
2023,12,Botetourt County,On-Time Graduation Rate,4 yr rate,    94.74%
2023,102,Bristol City,On-Time Graduation Rate,4 yr rate,    86.83%
2023,13,Brunswick County,On-Time Graduation Rate,4 yr rate,    88.07%
2023,14,Buchanan County,On-Time Graduation Rate,4 yr rate,    89.89%
2023,15,Buckingham County,On-Time Graduation Rate,4 yr rate,    90.67%
2023,103,Buena Vista City,On-Time Graduation Rate,4 yr rate,    91.03%
2023,16,Campbell County,On-Time Graduation Rate,4 yr rate,    93.86%
2023,17,Caroline County,On-Time Graduation Rate,4 yr rate,    90.71%
2023,18,Carroll County,On-Time Graduation Rate,4 yr rate,    94.37%
2023,19,Charles City County,On-Time Graduation Rate,4 yr rate,    91.07%
2023,20,Charlotte County,On-Time Graduation Rate,4 yr rate,    82.71%
2023,104,Charlottesville City,On-Time Graduation Rate,4 yr rate,    92.91%
2023,136,Chesapeake City,On-Time Graduation Rate,4 yr rate,    92.20%
2023,21,Chesterfield County,On-Time Graduation Rate,4 yr rate,    90.79%
2023,22,Clarke County,On-Time Graduation Rate,4 yr rate,    99.32%
2023,202,Colonial Beach,On-Time Graduation Rate,4 yr rate,    82.35%
2023,106,Colonial Heights City,On-Time Graduation Rate,4 yr rate,    88.98%
2023,23,Craig County,On-Time Graduation Rate,4 yr rate,    90.70%
2023,24,Culpeper County,On-Time Graduation Rate,4 yr rate,    86.87%
2023,25,Cumberland County,On-Time Graduation Rate,4 yr rate,    89.69%
2023,108,Danville City,On-Time Graduation Rate,4 yr rate,    73.28%
2023,26,Dickenson County,On-Time Graduation Rate,4 yr rate,    90.00%
2023,27,Dinwiddie County,On-Time Graduation Rate,4 yr rate,    90.64%
2023,28,Essex County,On-Time Graduation Rate,4 yr rate,    98.10%
2023,29,Fairfax County,On-Time Graduation Rate,4 yr rate,    93.38%
2023,109,Falls Church City,On-Time Graduation Rate,4 yr rate,    98.50%
2023,30,Fauquier County,On-Time Graduation Rate,4 yr rate,    96.29%
2023,31,Floyd County,On-Time Graduation Rate,4 yr rate,    94.41%
2023,32,Fluvanna County,On-Time Graduation Rate,4 yr rate,    94.37%
2023,135,Franklin City,On-Time Graduation Rate,4 yr rate,    90.12%
2023,33,Franklin County,On-Time Graduation Rate,4 yr rate,    90.39%
2023,34,Frederick County,On-Time Graduation Rate,4 yr rate,    93.40%
2023,110,Fredericksburg City,On-Time Graduation Rate,4 yr rate,    81.11%
2023,111,Galax City,On-Time Graduation Rate,4 yr rate,    88.89%
2023,35,Giles County,On-Time Graduation Rate,4 yr rate,    89.82%
2023,36,Gloucester County,On-Time Graduation Rate,4 yr rate,    90.63%
2023,37,Goochland County,On-Time Graduation Rate,4 yr rate,    96.54%
2023,38,Grayson County,On-Time Graduation Rate,4 yr rate,   100.00%
2023,39,Greene County,On-Time Graduation Rate,4 yr rate,    96.85%
2023,40,Greensville County,On-Time Graduation Rate,4 yr rate,    92.03%
2023,41,Halifax County,On-Time Graduation Rate,4 yr rate,    87.90%
2023,112,Hampton City,On-Time Graduation Rate,4 yr rate,    96.37%
2023,42,Hanover County,On-Time Graduation Rate,4 yr rate,    95.57%
2023,113,Harrisonburg City,On-Time Graduation Rate,4 yr rate,    89.17%
2023,43,Henrico County,On-Time Graduation Rate,4 yr rate,    90.67%
2023,44,Henry County,On-Time Graduation Rate,4 yr rate,    85.19%
2023,45,Highland County,On-Time Graduation Rate,4 yr rate,    92.86%
2023,114,Hopewell City,On-Time Graduation Rate,4 yr rate,    89.67%
2023,46,Isle of Wight County,On-Time Graduation Rate,4 yr rate,    93.95%
2023,48,King George County,On-Time Graduation Rate,4 yr rate,    91.99%
2023,50,King William County,On-Time Graduation Rate,4 yr rate,    92.31%
2023,49,King and Queen County,On-Time Graduation Rate,4 yr rate,    90.24%
2023,51,Lancaster County,On-Time Graduation Rate,4 yr rate,    97.78%
2023,52,Lee County,On-Time Graduation Rate,4 yr rate,    84.42%
2023,53,Loudoun County,On-Time Graduation Rate,4 yr rate,    96.71%
2023,54,Louisa County,On-Time Graduation Rate,4 yr rate,    94.63%
2023,55,Lunenburg County,On-Time Graduation Rate,4 yr rate,    94.21%
2023,115,Lynchburg City,On-Time Graduation Rate,4 yr rate,    82.62%
2023,56,Madison County,On-Time Graduation Rate,4 yr rate,    90.14%
2023,143,Manassas City,On-Time Graduation Rate,4 yr rate,    89.50%
2023,144,Manassas Park City,On-Time Graduation Rate,4 yr rate,    84.64%
2023,116,Martinsville City,On-Time Graduation Rate,4 yr rate,    84.78%
2023,57,Mathews County,On-Time Graduation Rate,4 yr rate,    94.29%
2023,58,Mecklenburg County,On-Time Graduation Rate,4 yr rate,    86.31%
2023,59,Middlesex County,On-Time Graduation Rate,4 yr rate,    97.53%
2023,60,Montgomery County,On-Time Graduation Rate,4 yr rate,    95.45%
2023,62,Nelson County,On-Time Graduation Rate,4 yr rate,    90.08%
2023,63,New Kent County,On-Time Graduation Rate,4 yr rate,    92.57%
2023,117,Newport News City,On-Time Graduation Rate,4 yr rate,    94.27%
2023,118,Norfolk City,On-Time Graduation Rate,4 yr rate,    81.94%
2023,65,Northampton County,On-Time Graduation Rate,4 yr rate,    91.00%
2023,66,Northumberland County,On-Time Graduation Rate,4 yr rate,    94.50%
2023,119,Norton City,On-Time Graduation Rate,4 yr rate,    98.51%
2023,67,Nottoway County,On-Time Graduation Rate,4 yr rate,    85.00%
2023,68,Orange County,On-Time Graduation Rate,4 yr rate,    92.24%
2023,69,Page County,On-Time Graduation Rate,4 yr rate,    93.84%
2023,70,Patrick County,On-Time Graduation Rate,4 yr rate,    95.86%
2023,120,Petersburg City,On-Time Graduation Rate,4 yr rate,    88.66%
2023,71,Pittsylvania County,On-Time Graduation Rate,4 yr rate,    90.44%
2023,142,Poquoson City,On-Time Graduation Rate,4 yr rate,    93.26%
2023,121,Portsmouth City,On-Time Graduation Rate,4 yr rate,    83.75%
2023,72,Powhatan County,On-Time Graduation Rate,4 yr rate,    91.51%
2023,73,Prince Edward County,On-Time Graduation Rate,4 yr rate,    80.25%
2023,74,Prince George County,On-Time Graduation Rate,4 yr rate,    93.32%
2023,75,Prince William County,On-Time Graduation Rate,4 yr rate,    91.69%
2023,77,Pulaski County,On-Time Graduation Rate,4 yr rate,    95.90%
2023,122,Radford City,On-Time Graduation Rate,4 yr rate,    96.79%
2023,78,Rappahannock County,On-Time Graduation Rate,4 yr rate,    92.86%
2023,123,Richmond City,On-Time Graduation Rate,4 yr rate,    72.45%
2023,79,Richmond County,On-Time Graduation Rate,4 yr rate,    96.94%
2023,124,Roanoke City,On-Time Graduation Rate,4 yr rate,    86.41%
2023,80,Roanoke County,On-Time Graduation Rate,4 yr rate,    95.73%
2023,81,Rockbridge County,On-Time Graduation Rate,4 yr rate,    94.07%
2023,82,Rockingham County,On-Time Graduation Rate,4 yr rate,    94.40%
2023,83,Russell County,On-Time Graduation Rate,4 yr rate,    86.64%
2023,139,Salem City,On-Time Graduation Rate,4 yr rate,    93.58%
2023,84,Scott County,On-Time Graduation Rate,4 yr rate,    92.25%
2023,85,Shenandoah County,On-Time Graduation Rate,4 yr rate,    97.47%
2023,86,Smyth County,On-Time Graduation Rate,4 yr rate,    96.50%
2023,87,Southampton County,On-Time Graduation Rate,4 yr rate,    88.82%
2023,88,Spotsylvania County,On-Time Graduation Rate,4 yr rate,    90.52%
2023,89,Stafford County,On-Time Graduation Rate,4 yr rate,    93.49%
2023,126,Staunton City,On-Time Graduation Rate,4 yr rate,    85.20%
2023,127,Suffolk City,On-Time Graduation Rate,4 yr rate,    88.19%
2023,90,Surry County,On-Time Graduation Rate,4 yr rate,    93.22%
2023,91,Sussex County,On-Time Graduation Rate,4 yr rate,    87.67%
2023,92,Tazewell County,On-Time Graduation Rate,4 yr rate,    94.35%
2023,128,Virginia Beach City,On-Time Graduation Rate,4 yr rate,    95.34%
2023,93,Warren County,On-Time Graduation Rate,4 yr rate,    92.69%
2023,94,Washington County,On-Time Graduation Rate,4 yr rate,    92.72%
2023,130,Waynesboro City,On-Time Graduation Rate,4 yr rate,    83.33%
2023,207,West Point,On-Time Graduation Rate,4 yr rate,    93.55%
2023,95,Westmoreland County,On-Time Graduation Rate,4 yr rate,    90.99%
2023,131,Williamsburg-James City County,On-Time Graduation Rate,4 yr rate,    92.74%
2023,132,Winchester City,On-Time Graduation Rate,4 yr rate,    90.96%
2023,96,Wise County,On-Time Graduation Rate,4 yr rate,    98.27%
2023,97,Wythe County,On-Time Graduation Rate,4 yr rate,    96.17%
2023,98,York County,On-Time Graduation Rate,4 yr rate,    98.04%
